code,item_code,quantity,product_name,variant_name,color,size
," 100*100",100,"palestine - 32cm*90cm"," 100*100"," 100*100",None
72938736," 120*120",100,"(بالحظ الكوفي الجميل) 4قل - 120*120"," 120*120"," 120*120",None
72938736," 150*150",100,"(بالحظ الكوفي الجميل) 4قل - 120*120"," 150*150"," 150*150",None
345678932," 22cm*60cm",100,"palestine - 32cm*90cm"," 22cm*60cm"," 22cm*60cm",None
2385974," ابيض/XL",100,"اكس تيشرت -"," ابيض/XL"," ابيض",XL
55468368," احمر/3XL",0,"شيميز كاروه وتيشرت"," احمر/3XL"," احمر",3XL
43763129," اسود/2XL",100,بالطو," اسود/2XL"," اسود",2XL
43763129," اسود/3XL",100,بالطو," اسود/3XL"," اسود",3XL
43763129," اسود/XL",100,بالطو," اسود/XL"," اسود",XL
3478264289," البيت الريفي",100,"مبخره البيت الريفي"," البيت الريفي"," البيت الريفي",None
8635647," بني/XL",100,"سندريلا سوت"," بني/XL"," بني",XL
857394711," بيبي بلو/3XL",100,"summer vibes"," بيبي بلو/3XL"," بيبي بلو",3XL
567654333," بيت السنافر",100,"مبخره السنفور"," بيت السنافر"," بيت السنافر",None
8090100," شكل ٣",100,"ساعة حائط"," شكل ٣"," شكل ٣",None
132214324," شكل الجرة",100,"النافورة العطرية"," شكل الجرة"," شكل الجرة",None
94877503," مينت جرين",100,"اسدال مشجر"," مينت جرين"," مينت جرين",None
456930," مينت جرين/XL",101,"سويت شيرت شيري -"," مينت جرين/XL"," مينت جرين",XL
," نافورة البامبو",100,"palestine - 32cm*90cm"," نافورة البامبو"," نافورة البامبو",None
978786754," نافورة الشيكولاتة",100,مبخرة," نافورة الشيكولاتة"," نافورة الشيكولاتة",None
989738126," نافورة النجمة",100,"مبخرة قهوة + (10قطع من البخور الفاخر) هدية - اسود"," نافورة النجمة"," نافورة النجمة",None
14854212,.-14854212,100,"ساعه العالم",.,.,None
23636787482836,.-23636787482836,100,"سفنجه التقشير الكوري",.,.,None
40005577294,.-40005577294,100,"ماسك الشاي الاخضر",.,.,None
4567654345675,.-4567654345675,100,"غسول يوكو",.,.,None
545663,.-545663,100,"تابلوه شكل 1",.,.,None
59950055500500,.-59950055500500,100,"كريم التفتيح الذهبي",.,.,None
77814552,.-77814552,97,"المبخره الدفايه",.,.,None
82100454,.-82100454,100,"الدريس الكت",.,.,None
9000585884,.-9000585884,100,"كريم يوكو",.,.,None
14789563,0-14789563,100,"تابلوه شكل 31",0,0,None
8720015155151,0-8720015155151,100,"تابلوه شكل 14",0,0,None
12334145,100*100-12334145,101,"بالحظ الكوفي الجميل) 4قل",100*100,100*100,None
12334145,120*120-12334145,101,"بالحظ الكوفي الجميل) 4قل",120*120,120*120,None
4400294,120*65-4400294,96,"خريطه العالم شكل 5",120*65,120*65,None
870039541,120*65-870039541,99,"خريطه العالم شكل 1",120*65,120*65,None
8772217,120*65-8772217,99,"خريطه العالم شكل 2",120*65,120*65,None
12334145,150*150-12334145,105,"بالحظ الكوفي الجميل) 4قل",150*150,150*150,None
4400294,150*80-4400294,96,"خريطه العالم شكل 5",150*80,150*80,None
870039541,150*80-870039541,92,"خريطه العالم شكل 1",150*80,150*80,None
8772217,150*80-8772217,99,"خريطه العالم شكل 2",150*80,150*80,None
485224877,20*40-485224877,100,"ماشاء الله (بشكل رأسي)",فيروزي/2XL,فيروزي,2XL
4787462163,20*80/black-4787462163,100,"هذا من فضل ربي",كاشمير/3XL,كاشمير,3XL
4787462163,20*80/gold-4787462163,100,"هذا من فضل ربي",0,0,None
4787462163,20*80/silver-4787462163,100,"هذا من فضل ربي",XL/موكا,XL,موكا
4400294,200*105-4400294,100,"خريطه العالم شكل 5",200*105,200*105,None
870039541,200*105-870039541,100,"خريطه العالم شكل 1",200*105,200*105,None
8772217,200*105-8772217,98,"خريطه العالم شكل 2",200*105,200*105,None
830506803,22*60-830506803,100,"خريطه فلسطين",22*60,22*60,None
4400294,250*135-4400294,100,"خريطه العالم شكل 5",250*135,250*135,None
870039541,250*135-870039541,98,"خريطه العالم شكل 1",250*135,250*135,None
8772217,250*135-8772217,102,"خريطه العالم شكل 2",250*135,250*135,None
235345656,2XL-235345656,100,"ترنج ارمي",2XL,2XL,None
454574720,2XL-454574720,97,"ترنج broklyn",2XL,2XL,None
501124848,2XL-501124848,115,"ترنج بلاكي",2XL,2XL,None
8322404,2XL-8322404,100,"ترنج black",2XL,2XL,None
887721056,2XL-887721056,87,"ترنج yourself",2XL,2XL,None
3945823,2XL/اخضر-3945823,27,"طقم jumpsuit",2XL/اخضر,2XL,اخضر
3945823,2XL/اسود-3945823,19,"طقم jumpsuit",2XL/اسود,2XL,اسود
3945823,2XL/بيج-3945823,40,"طقم jumpsuit",2XL/بيج,2XL,بيج
3945823,2XL/موكا-3945823,14,"طقم jumpsuit",2XL/موكا,2XL,موكا
4787462163,30*120/black-4787462163,100,"هذا من فضل ربي",XL/بيج,XL,بيج
4787462163,30*120/gold-4787462163,100,"هذا من فضل ربي",2XL/موكا,2XL,موكا
4787462163,30*120/silver-4787462163,100,"هذا من فضل ربي",2XL/اسود,2XL,اسود
4185468204,30*30-4185468204,100,"يا رحيم",30*30,30*30,None
847534122,30*30-847534122,100,"لا إله إلا الله محمد رسول الله(شكل مربعين)",30*30,30*30,None
8578499830,30*30-8578499830,100,"يا رحمن",30*30,30*30,None
874230414,30*30-874230414,100,"لا إله إلا الله",30*30,30*30,None
485224877,30*60-485224877,100,"ماشاء الله (بشكل رأسي)",فيروزي/3XL,فيروزي,3XL
830506803,32*90-830506803,100,"خريطه فلسطين",32*90,32*90,None
0039937283,32cm-0039937283,100,"يا كريم",32cm,32cm,None
345678932,32cm*90cm,100,"palestine - 32cm*90cm",32cm*90cm,32cm*90cm,None
48957892470,35cm-48957892470,100,يارب,35cm,35cm,None
589405773,35cm-589405773,100,"يا ودود",35cm,35cm,None
454574720,3XL-454574720,94,"ترنج broklyn",3XL,3XL,None
501124848,3XL-501124848,122,"ترنج بلاكي",3XL,3XL,None
8322404,3XL-8322404,99,"ترنج black",3XL,3XL,None
887721056,3XL-887721056,92,"ترنج yourself",3XL,3XL,None
3945823,3XL/اخضر-3945823,82,"طقم jumpsuit",3XL/اخضر,3XL,اخضر
3945823,3XL/اسود-3945823,46,"طقم jumpsuit",3XL/اسود,3XL,اسود
3945823,3XL/بيج-3945823,61,"طقم jumpsuit",3XL/بيج,3XL,بيج
3945823,3XL/موكا-3945823,42,"طقم jumpsuit",3XL/موكا,3XL,موكا
4185468204,40*40-4185468204,100,"يا رحيم",40*40,40*40,None
847534122,40*40-847534122,100,"لا إله إلا الله محمد رسول الله(شكل مربعين)",40*40,40*40,None
8578499830,40*40-8578499830,100,"يا رحمن",40*40,40*40,None
874230414,40*40-874230414,100,"لا إله إلا الله",40*40,40*40,None
895437520,40*40-895437520,100,"يارزاق يا كريم",40*40,40*40,None
485224877,40*80-485224877,100,"ماشاء الله (بشكل رأسي)",عنابي/XL,عنابي,XL
4185468204,50*50-4185468204,100,"يا رحيم",50*50,50*50,None
847534122,50*50-847534122,100,"لا إله إلا الله محمد رسول الله(شكل مربعين)",50*50,50*50,None
8578499830,50*50-8578499830,100,"يا رحمن",50*50,50*50,None
874230414,50*50-874230414,100,"لا إله إلا الله",50*50,50*50,None
895437520,50*50-895437520,100,"يارزاق يا كريم",50*50,50*50,None
0039937283,55cm-0039937283,100,"يا كريم",55cm,55cm,None
48957892470,55cm-48957892470,100,يارب,55cm,55cm,None
589405773,55cm-589405773,100,"يا ودود",55cm,55cm,None
987895343512,70*60/black-987895343512,100,"ماشاء الله تبارك الله",2XL/بيج,2XL,بيج
987895343512,70*60/gold-987895343512,100,"ماشاء الله تبارك الله",3XL/موكا,3XL,موكا
987895343512,70*60/silver-987895343512,100,"ماشاء الله تبارك الله",3XL/اسود,3XL,اسود
0039937283,70cm-0039937283,100,"يا كريم",70cm,70cm,None
48957892470,70cm-48957892470,100,يارب,70cm,70cm,None
589405773,70cm-589405773,100,"يا ودود",70cm,70cm,None
987895343512,90*90/black-987895343512,100,"ماشاء الله تبارك الله",3XL/بيج,3XL,بيج
987895343512,90*90/gold-987895343512,100,"ماشاء الله تبارك الله",3XL/اخضر,3XL,اخضر
987895343512,90*90/silver-987895343512,100,"ماشاء الله تبارك الله",فيروزي/XL,فيروزي,XL
4477889221,black-4477889221,100,"سوره الفلق",black,black,None
002487832,black/20*80-002487832,100,"فبأي الاء ربكما تكذبان",black/20*80,black,20*80
5577889624,black/20*80-5577889624,100,"لا إله إلا الله محمد رسول الله(شكل مستطيل)",black/20*80,black,20*80
774411889322,black/20*80-774411889322,100,"بسم الله الرحمن الرحيم",black/20*80,black,20*80
87798105547,black/20*80-87798105547,100,"ماشاء الله لاقوه إلا بالله",black/20*80,black,20*80
89548957355,black/20*80-89548957355,100,"يارب بارك هذا البيت",black/20*80,black,20*80
002487832,black/30*120-002487832,100,"فبأي الاء ربكما تكذبان",black/30*120,black,30*120
5577889624,black/30*120-5577889624,100,"لا إله إلا الله محمد رسول الله(شكل مستطيل)",black/30*120,black,30*120
774411889322,black/30*120-774411889322,100,"بسم الله الرحمن الرحيم",black/30*120,black,30*120
87798105547,black/30*120-87798105547,100,"ماشاء الله لاقوه إلا بالله",black/30*120,black,30*120
89548957355,black/30*120-89548957355,100,"يارب بارك هذا البيت",black/30*120,black,30*120
3772022800,black/40*40-3772022800,100,"بسم الله الرحمن الرحيم 2",ذهبي,ذهبي,None
3772022800,black/50*50-3772022800,100,"بسم الله الرحمن الرحيم 2",اسود/A,اسود,A
3772022800,black/60*60-3772022800,100,"بسم الله الرحمن الرحيم 2",اسود/B,اسود,B
77822842,black/70*60-77822842,100,"سوره الفاتحه",لبني/XL,لبني,XL
3772022800,black/70*70-3772022800,100,"بسم الله الرحمن الرحيم 2",اسود/C,اسود,C
77822842,black/90*80-77822842,100,"سوره الفاتحه",لبني/2XL,لبني,2XL
4477889221,gold-4477889221,100,"سوره الفلق",Gold,Gold,None
7782244823,Gold-7782244823,100,"بسم الله والحمد لله",Gold,Gold,None
4477889221,gold*silver-4477889221,0,"سوره الفلق",عنابي/3XL,عنابي,3XL
002487832,gold/20*80-002487832,100,"فبأي الاء ربكما تكذبان",gold/20*80,gold,20*80
5577889624,gold/20*80-5577889624,100,"لا إله إلا الله محمد رسول الله(شكل مستطيل)",gold/20*80,gold,20*80
774411889322,gold/20*80-774411889322,100,"بسم الله الرحمن الرحيم",gold/20*80,gold,20*80
87798105547,gold/20*80-87798105547,100,"ماشاء الله لاقوه إلا بالله",gold/20*80,gold,20*80
89548957355,gold/20*80-89548957355,100,"يارب بارك هذا البيت",gold/20*80,gold,20*80
002487832,gold/30*120-002487832,100,"فبأي الاء ربكما تكذبان",gold/30*120,gold,30*120
5577889624,gold/30*120-5577889624,100,"لا إله إلا الله محمد رسول الله(شكل مستطيل)",gold/30*120,gold,30*120
774411889322,gold/30*120-774411889322,100,"بسم الله الرحمن الرحيم",gold/30*120,gold,30*120
87798105547,gold/30*120-87798105547,100,"ماشاء الله لاقوه إلا بالله",gold/30*120,gold,30*120
89548957355,gold/30*120-89548957355,100,"يارب بارك هذا البيت",gold/30*120,gold,30*120
3772022800,gold/40*40-3772022800,100,"بسم الله الرحمن الرحيم 2",تفاحي/B,تفاحي,B
3772022800,gold/50*50-3772022800,100,"بسم الله الرحمن الرحيم 2",تفاحي/C,تفاحي,C
3772022800,gold/60*60-3772022800,100,"بسم الله الرحمن الرحيم 2",زيتي/A,زيتي,A
77822842,gold/70*60-77822842,100,"سوره الفاتحه",لبني/3XL,لبني,3XL
3772022800,gold/70*70-3772022800,100,"بسم الله الرحمن الرحيم 2",زيتي/B,زيتي,B
77822842,gold/90*80-77822842,100,"سوره الفاتحه",رمادي/1XL,رمادي,1XL
34567654,"hot _kiss-34567654",100,خمره,"hot _kiss","hot _kiss",None
34567654,hot_baby-34567654,100,خمره,hot_baby,hot_baby,None
34567654,sexy_night-34567654,100,خمره,sexy_night,sexy_night,None
4477889221,silver-4477889221,100,"سوره الفلق",عنابي/2XL,عنابي,2XL
7782244823,silver-7782244823,100,"بسم الله والحمد لله",عنابي/2XL,عنابي,2XL
002487832,silver/20*80-002487832,100,"فبأي الاء ربكما تكذبان",silver/20*80,silver,20*80
5577889624,silver/20*80-5577889624,100,"لا إله إلا الله محمد رسول الله(شكل مستطيل)",silver/20*80,silver,20*80
774411889322,silver/20*80-774411889322,100,"بسم الله الرحمن الرحيم",silver/20*80,silver,20*80
87798105547,silver/20*80-87798105547,100,"ماشاء الله لاقوه إلا بالله",silver/20*80,silver,20*80
89548957355,silver/20*80-89548957355,100,"يارب بارك هذا البيت",silver/20*80,silver,20*80
002487832,silver/30*120-002487832,100,"فبأي الاء ربكما تكذبان",silver/30*120,silver,30*120
5577889624,silver/30*120-5577889624,100,"لا إله إلا الله محمد رسول الله(شكل مستطيل)",silver/30*120,silver,30*120
774411889322,silver/30*120-774411889322,100,"بسم الله الرحمن الرحيم",silver/30*120,silver,30*120
87798105547,silver/30*120-87798105547,100,"ماشاء الله لاقوه إلا بالله",silver/30*120,silver,30*120
89548957355,silver/30*120-89548957355,100,"يارب بارك هذا البيت",silver/30*120,silver,30*120
3772022800,silver/40*40-3772022800,100,"بسم الله الرحمن الرحيم 2",بيج/A,بيج,A
3772022800,silver/50*50-3772022800,100,"بسم الله الرحمن الرحيم 2",بيج/B,بيج,B
3772022800,silver/60*60-3772022800,100,"بسم الله الرحمن الرحيم 2",بيج/C,بيج,C
77822842,silver/70*60-77822842,100,"سوره الفاتحه",نبيتي/1XL,نبيتي,1XL
3772022800,silver/70*70-3772022800,100,"بسم الله الرحمن الرحيم 2",تفاحي/A,تفاحي,A
77822842,silver/90*80-77822842,100,"سوره الفاتحه",زيتي/1XL,زيتي,1XL
347488786895,snowy/xl-347488786895,100,"سوت نولا",snowy/xl,snowy,xl
235345656,XL-235345656,102,"ترنج ارمي",XL,XL,None
345657634,XL-345657634,100,"عبايه الندى نبيتي",XL,XL,None
35576863223,XL-35576863223,100,"عبايه الندى ازرق مخطط",XL,XL,None
454574720,XL-454574720,92,"ترنج broklyn",XL,XL,None
501124848,XL-501124848,124,"ترنج بلاكي",XL,XL,None
576547454554,XL-576547454554,100,"عبايه الندى لموني",XL,XL,None
675674543,XL-675674543,100,"عبايه الندى ازرق منقرش",XL,XL,None
8322404,XL-8322404,99,"ترنج black",XL,XL,None
887721056,XL-887721056,143,"ترنج yourself",XL,XL,None
874234782,xl/ابيض/female-874234782,100,"هودي استيتش وانجل",xl/ابيض/female,xl,ابيض
874234782,xl/ابيض/male-874234782,100,"هودي استيتش وانجل",xl/ابيض/male,xl,ابيض
3945823,XL/اخضر-3945823,33,"طقم jumpsuit",XL/اخضر,XL,اخضر
5445454,xl/اسود,0,"بنطلون كيكي",xl/اسود,xl,اسود
5445454,"xl/اسود ساده-5445454",2155,"بنطلون كيكي","xl/اسود ساده",xl,"اسود ساده"
5445454,"xl/اسود مطبوع-5445454",66,"بنطلون كيكي","xl/اسود مطبوع",xl,"اسود مطبوع"
3945823,XL/اسود-3945823,25,"طقم jumpsuit",xl/اسود,xl,اسود
874234782,xl/اسود/female-874234782,100,"هودي استيتش وانجل",xl/اسود/female,xl,اسود
874234782,xl/اسود/male-874234782,100,"هودي استيتش وانجل",xl/اسود/male,xl,اسود
874234782,xl/بيبي_بلو/female-874234782,100,"هودي استيتش وانجل",xl/بيبي_بلو/female,xl,بيبي_بلو
874234782,xl/بيبي_بلو/male-874234782,100,"هودي استيتش وانجل",xl/بيبي_بلو/male,xl,بيبي_بلو
3945823,XL/بيج-3945823,60,"طقم jumpsuit",XL/بيج,XL,بيج
874234782,xl/بيج/female-874234782,100,"هودي استيتش وانجل",xl/بيج/female,xl,بيج
874234782,xl/بيج/male-874234782,100,"هودي استيتش وانجل",xl/بيج/male,xl,بيج
874234782,xl/بينك/female-874234782,100,"هودي استيتش وانجل",xl/بينك/female,xl,بينك
874234782,xl/بينك/male-874234782,100,"هودي استيتش وانجل",xl/بينك/male,xl,بينك
5445454,xl/رمادي-5445454,2222,"بنطلون كيكي",xl/رمادي,xl,رمادي
3945823,XL/موكا-3945823,10,"طقم jumpsuit",XL/موكا,XL,موكا
3846403,ابيض-3846403,100,"Puffer coat",ابيض,ابيض,None
5387894574,ابيض*اسود/XL-5387894574,100,"دريس ست الحسن",ابيض*اسود/XL,ابيض*اسود,XL
2345552234,ابيض*جنزاري/2XL-2345552234,100,"دريس وجاكيت روزالين",ابيض*جنزاري/2XL,ابيض*جنزاري,2XL
2345552234,ابيض*جنزاري/XL-2345552234,100,"دريس وجاكيت روزالين",ابيض*جنزاري/XL,ابيض*جنزاري,XL
158701021,ابيض/2XL-158701021,98,"طقم Olivia suit",ابيض/2XL,ابيض,2XL
21784358,ابيض/2XL-21784358,100,"جاكيت ببندانه",ابيض/2XL,ابيض,2XL
23859748,ابيض/2XL-23859748,101,"تيشرت بيكا",ابيض/2XL,ابيض,2XL
275518,ابيض/2XL-275518,100,lovelysweetshirt,ابيض/2XL,ابيض,2XL
344526783,ابيض/2XL-344526783,116,"ترنج monster",ابيض/2XL,ابيض,2XL
384783985,ابيض/2XL-384783985,99,"ايمي سوت",ابيض/2XL,ابيض,2XL
456783595395870,ابيض/2xl-456783595395870,150,"شيميز روزالين",ابيض/2XL,ابيض,2XL
4784368,ابيض/2xl-4784368,101,"thirty سويت شيرت",ابيض/2XL,ابيض,2XL
486453415,ابيض/2XL-486453415,100,"ترنج حروف",ابيض/2XL,ابيض,2XL
5445454,ابيض/2XL-5445454,999,"بنطلون كيكي",ابيض/2XL,ابيض,2XL
7492649,ابيض/2XL-7492649,97,"بلوزه ساندي",ابيض/2XL,ابيض,2XL
75027454,ابيض/2XL-75027454,100,"بلوفر ورده",ابيض/2XL,ابيض,2XL
78493473744,ابيض/2XL-78493473744,96,"بنطلون رجالي كتان",ابيض/2XL,ابيض,2XL
84947920,ابيض/2XL-84947920,78,"بلوزه girl boss",ابيض/2XL,ابيض,2XL
849944,ابيض/2XL-849944,98,"ترنج run",ابيض/2XL,ابيض,2XL
857394711,ابيض/2XL-857394711,100,"summer vibes",ابيض/2XL,ابيض,2XL
868037503,ابيض/2xl-868037503,100,"ريب سوت",ابيض/2XL,ابيض,2XL
8745200,ابيض/2XL-8745200,27,"شيميز قمر",ابيض/2XL,ابيض,2XL
9095858,ابيض/2xl-9095858,99,"فستان ريب",ابيض/2XL,ابيض,2XL
94754284,ابيض/2XL-94754284,99,"sola suit",ابيض/2XL,ابيض,2XL
9476764,ابيض/2XL-9476764,94,"X TEE SHIRT",ابيض/2XL,ابيض,2XL
158701021,ابيض/3XL-158701021,97,"طقم Olivia suit",ابيض/3XL,ابيض,3XL
21784358,ابيض/3XL-21784358,100,"جاكيت ببندانه",ابيض/3XL,ابيض,3XL
23859748,ابيض/3XL-23859748,100,"تيشرت بيكا",ابيض/3XL,ابيض,3XL
275518,ابيض/3XL-275518,100,lovelysweetshirt,ابيض/3XL,ابيض,3XL
344526783,ابيض/3XL-344526783,82,"ترنج monster",ابيض/3XL,ابيض,3XL
384783985,ابيض/3XL-384783985,100,"ايمي سوت",ابيض/3XL,ابيض,3XL
4784368,ابيض/3xl-4784368,100,"thirty سويت شيرت",ابيض/3XL,ابيض,3XL
486453415,ابيض/3XL-486453415,101,"ترنج حروف",ابيض/3XL,ابيض,3XL
5445454,ابيض/3XL-5445454,1000,"بنطلون كيكي",ابيض/3XL,ابيض,3XL
7492649,ابيض/3xl-7492649,86,"بلوزه ساندي",ابيض/3XL,ابيض,3XL
75027454,ابيض/3XL-75027454,100,"بلوفر ورده",ابيض/3XL,ابيض,3XL
78493473744,ابيض/3XL-78493473744,99,"بنطلون رجالي كتان",ابيض/3XL,ابيض,3XL
84947920,ابيض/3XL-84947920,83,"بلوزه girl boss",ابيض/3XL,ابيض,3XL
849944,ابيض/3XL-849944,100,"ترنج run",ابيض/3XL,ابيض,3XL
857394711,ابيض/3XL-857394711,101,"summer vibes",ابيض/3XL,ابيض,3XL
868037503,ابيض/3xl-868037503,100,"ريب سوت",ابيض/3XL,ابيض,3XL
8745200,ابيض/3XL-8745200,27,"شيميز قمر",ابيض/3XL,ابيض,3XL
94754284,ابيض/3XL-94754284,96,"sola suit",ابيض/3XL,ابيض,3XL
9476764,ابيض/3XL-9476764,97,"X TEE SHIRT",ابيض/3XL,ابيض,3XL
23859748,ابيض/4XL-23859748,100,"تيشرت بيكا",ابيض/4XL,ابيض,4XL
2385974,ابيض/XL,102,"اكس تيشرت -",ابيض/XL,ابيض,XL
158701021,ابيض/XL-158701021,98,"طقم Olivia suit",ابيض/XL,ابيض,XL
21784358,ابيض/XL-21784358,103,"جاكيت ببندانه",ابيض/XL,ابيض,XL
23859748,ابيض/XL-23859748,100,"تيشرت بيكا",ابيض/XL,ابيض,XL
275518,ابيض/XL-275518,101,lovelysweetshirt,ابيض/XL,ابيض,XL
344526783,ابيض/XL-344526783,89,"ترنج monster",ابيض/XL,ابيض,XL
384783985,ابيض/XL-384783985,100,"ايمي سوت",ابيض/XL,ابيض,XL
456783595395870,ابيض/xl-456783595395870,100,"شيميز روزالين",ابيض/XL,ابيض,XL
4636858874,ابيض/xl-4636858874,100,"شيميز سوفت ليكرا",ابيض/XL,ابيض,XL
4784368,ابيض/xl-4784368,96,"thirty سويت شيرت",ابيض/XL,ابيض,XL
486453415,ابيض/XL-486453415,99,"ترنج حروف",ابيض/XL,ابيض,XL
5445454,ابيض/XL-5445454,996,"بنطلون كيكي",ابيض/XL,ابيض,XL
5868947566,ابيض/xl-5868947566,100,"ليلي سوت",ابيض/XL,ابيض,XL
648934785834,ابيض/xl-648934785834,101,شروال,ابيض/XL,ابيض,XL
7492649,ابيض/XL-7492649,80,"بلوزه ساندي",ابيض/XL,ابيض,XL
75027454,ابيض/XL-75027454,100,"بلوفر ورده",ابيض/XL,ابيض,XL
78493473744,ابيض/XL-78493473744,100,"بنطلون رجالي كتان",ابيض/XL,ابيض,XL
84947920,ابيض/XL-84947920,84,"بلوزه girl boss",ابيض/XL,ابيض,XL
849944,ابيض/XL-849944,91,"ترنج run",ابيض/XL,ابيض,XL
857394711,ابيض/XL-857394711,100,"summer vibes",ابيض/XL,ابيض,XL
868037503,ابيض/xl-868037503,100,"ريب سوت",ابيض/XL,ابيض,XL
8745200,ابيض/XL-8745200,19,"شيميز قمر",ابيض/XL,ابيض,XL
8985467494,ابيض/xl-8985467494,99,"ستظل للابد",ابيض/XL,ابيض,XL
9095858,ابيض/xl-9095858,98,"فستان ريب",ابيض/XL,ابيض,XL
94754284,ابيض/XL-94754284,98,"sola suit",ابيض/XL,ابيض,XL
9476764,ابيض/XL-9476764,94,"X TEE SHIRT",ابيض/XL,ابيض,XL
35456438756,احضر/2xl-35456438756,100,"طقم قطعتين",احضر/2xl,احضر,2xl
35456438756,احضر/xl-35456438756,100,"طقم قطعتين",احضر/xl,احضر,xl
2345552234,احمر*اسود/2XL-2345552234,100,"دريس وجاكيت روزالين",احمر*اسود/2XL,احمر*اسود,2XL
2345552234,احمر*اسود/XL-2345552234,100,"دريس وجاكيت روزالين",احمر*اسود/XL,احمر*اسود,XL
4784368,احمر/2xl-4784368,100,"thirty سويت شيرت",احمر/2XL,احمر,2XL
486453415,احمر/2XL-486453415,99,"ترنج حروف",احمر/2XL,احمر,2XL
55468368,احمر/2xl-55468368,100,"شيميز كاروه وتيشرت",احمر/2XL,احمر,2XL
784857845,احمر/2XL-784857845,100,"بالطو كاروه",احمر/2XL,احمر,2XL
849944,احمر/2XL-849944,96,"ترنج run",احمر/2XL,احمر,2XL
4784368,احمر/3xl-4784368,99,"thirty سويت شيرت",احمر/3XL,احمر,3XL
486453415,احمر/3XL-486453415,100,"ترنج حروف",احمر/3XL,احمر,3XL
55468368,احمر/3xl-55468368,101,"شيميز كاروه وتيشرت",احمر/3XL,احمر,3XL
784857845,احمر/3XL-784857845,100,"بالطو كاروه",احمر/3XL,احمر,3XL
849944,احمر/3XL-849944,97,"ترنج run",احمر/3XL,احمر,3XL
4784368,احمر/xl-4784368,100,"thirty سويت شيرت",احمر/XL,احمر,XL
486453415,احمر/XL-486453415,99,"ترنج حروف",احمر/XL,احمر,XL
55468368,احمر/xl-55468368,102,"شيميز كاروه وتيشرت",احمر/XL,احمر,XL
784857845,احمر/XL-784857845,99,"بالطو كاروه",احمر/XL,احمر,XL
849944,احمر/XL-849944,89,"ترنج run",احمر/XL,احمر,XL
94754284,اخصر/2XL-94754284,100,"sola suit",اخصر/2XL,اخصر,2XL
94754284,اخصر/3XL-94754284,95,"sola suit",اخصر/3XL,اخصر,3XL
94754284,اخصر/XL-94754284,101,"sola suit",اخصر/XL,اخصر,XL
759048585574,اخضر-759048585574,100,"شيميز اوفر سايز",اخضر,اخضر,None
21784358,اخضر/2XL-21784358,100,"جاكيت ببندانه",اخضر/2XL,اخضر,2XL
2474055,اخضر/2XL-2474055,100,"جاكيت بسوسته",اخضر/2XL,اخضر,2XL
275479,اخضر/2XL-275479,98,"New york",اخضر/2XL,اخضر,2XL
275486,اخضر/2XL-275486,99,Mulvari,اخضر/2XL,اخضر,2XL
43567876,اخضر/2XL-43567876,98,ديفا,اخضر/2XL,اخضر,2XL
43763129,اخضر/2XL-43763129,99,بالطو,اخضر/2XL,اخضر,2XL
445678,اخضر/2xl-445678,100,هودي,اخضر/2XL,اخضر,2XL
4544334422,اخضر/2xl-4544334422,100,"طقم 3 قطع",اخضر/2XL,اخضر,2XL
5037503,اخضر/2XL-5037503,100,"بلوزه زراير",اخضر/2XL,اخضر,2XL
5630877,اخضر/2xl-5630877,100,"رودي بالطو",اخضر/2XL,اخضر,2XL
77597265,اخضر/2XL-77597265,98,kami,اخضر/2XL,اخضر,2XL
82477702,اخضر/2xl-82477702,43,"سوت قطعتين",اخضر/2XL,اخضر,2XL
84947920,اخضر/2XL-84947920,68,"بلوزه girl boss",اخضر/2XL,اخضر,2XL
8635647,اخضر/2xl-8635647,95,"سندريلا سوت",اخضر/2XL,اخضر,2XL
868037503,اخضر/2xl-868037503,100,"ريب سوت",اخضر/2XL,اخضر,2XL
8742008,اخضر/2XL-8742008,56,"ليلي دريس",اخضر/2XL,اخضر,2XL
9095858,اخضر/2xl-9095858,99,"فستان ريب",اخضر/2XL,اخضر,2XL
21784358,اخضر/3XL-21784358,100,"جاكيت ببندانه",اخضر/3XL,اخضر,3XL
2474055,اخضر/3XL-2474055,99,"جاكيت بسوسته",اخضر/3XL,اخضر,3XL
275479,اخضر/3XL-275479,99,"New york",اخضر/3XL,اخضر,3XL
275486,اخضر/3XL-275486,100,Mulvari,اخضر/3XL,اخضر,3XL
43567876,اخضر/3XL-43567876,99,ديفا,اخضر/3XL,اخضر,3XL
43763129,اخضر/3XL-43763129,100,بالطو,اخضر/3XL,اخضر,3XL
4544334422,اخضر/3xl-4544334422,100,"طقم 3 قطع",اخضر/3XL,اخضر,3XL
5630877,اخضر/3xl-5630877,100,"رودي بالطو",اخضر/3XL,اخضر,3XL
77597265,اخضر/3XL-77597265,99,kami,اخضر/3XL,اخضر,3XL
82477702,اخضر/3xl-82477702,48,"سوت قطعتين",اخضر/3XL,اخضر,3XL
84947920,اخضر/3XL-84947920,58,"بلوزه girl boss",اخضر/3XL,اخضر,3XL
8635647,اخضر/3xl-8635647,93,"سندريلا سوت",اخضر/3XL,اخضر,3XL
868037503,اخضر/3xl-868037503,100,"ريب سوت",اخضر/3XL,اخضر,3XL
8742008,اخضر/3XL-8742008,61,"ليلي دريس",اخضر/3XL,اخضر,3XL
545376,اخضر/L,100,"Nordic Soft",اخضر/L,اخضر,L
0945945,اخضر/xl-0945945,100,"سويت شيرت شيري",اخضر/XL,اخضر,XL
21784358,اخضر/XL-21784358,100,"جاكيت ببندانه",اخضر/XL,اخضر,XL
2474055,اخضر/XL-2474055,98,"جاكيت بسوسته",اخضر/XL,اخضر,XL
275479,اخضر/XL-275479,100,"New york",اخضر/XL,اخضر,XL
275486,اخضر/XL-275486,100,Mulvari,اخضر/XL,اخضر,XL
43567876,اخضر/XL-43567876,99,ديفا,اخضر/XL,اخضر,XL
43763129,اخضر/XL-43763129,99,بالطو,اخضر/XL,اخضر,XL
445678,اخضر/xl-445678,100,هودي,اخضر/XL,اخضر,XL
4544334422,اخضر/xl-4544334422,101,"طقم 3 قطع",اخضر/XL,اخضر,XL
475793755,اخضر/xl-475793755,101,"ليلي دريس",اخضر/XL,اخضر,XL
5037503,اخضر/XL-5037503,100,"بلوزه زراير",اخضر/XL,اخضر,XL
5630877,اخضر/xl-5630877,100,"رودي بالطو",اخضر/XL,اخضر,XL
74785963,اخضر/XL-74785963,99,"بلوزه سندريلا",اخضر/XL,اخضر,XL
77597265,اخضر/XL-77597265,99,kami,اخضر/XL,اخضر,XL
82477702,اخضر/xl-82477702,46,"سوت قطعتين",اخضر/XL,اخضر,XL
84947920,اخضر/XL-84947920,104,"بلوزه girl boss",اخضر/XL,اخضر,XL
8635647,اخضر/xl-8635647,94,"سندريلا سوت",اخضر/XL,اخضر,XL
868037503,اخضر/xl-868037503,100,"ريب سوت",اخضر/XL,اخضر,XL
8742008,اخضر/XL-8742008,71,"ليلي دريس",اخضر/XL,اخضر,XL
9095858,اخضر/xl-9095858,99,"فستان ريب",اخضر/XL,اخضر,XL
347488786895,اخضرزمردي/xl-347488786895,100,"سوت نولا",اخضرزمردي/xl,اخضرزمردي,xl
5037503,ارمي/2XL-5037503,100,"بلوزه زراير",ارمي/2XL,ارمي,2XL
5037503,ارمي/XL-5037503,100,"بلوزه زراير",ارمي/XL,ارمي,XL
001158785,ازرق-001158785,99,"عبايه خليجي",ازرق,ازرق,None
75934724,ازرق-75934724,100,"عبايه ترندي",ازرق,ازرق,None
84775922,ازرق-84775922,100,"اسدال Bo",ازرق,ازرق,None
35765638764,ازرق/2xl-35765638764,0,"سوت قطعتين",ازرق/2xl,ازرق,2xl
4784368,ازرق/2xl-4784368,100,"thirty سويت شيرت",ازرق/2xl,ازرق,2xl
7225741,ازرق/2XL-7225741,18,"كاندي قطعتين",ازرق/2xl,ازرق,2xl
77597265,ازرق/2XL-77597265,100,kami,ازرق/2xl,ازرق,2xl
82477702,ازرق/2xl-82477702,89,"سوت قطعتين",ازرق/2xl,ازرق,2xl
868037503,ازرق/2xl-868037503,100,"ريب سوت",ازرق/2xl,ازرق,2xl
9095858,ازرق/2xl-9095858,95,"فستان ريب",ازرق/2xl,ازرق,2xl
94754284,ازرق/2XL-94754284,101,"sola suit",ازرق/2xl,ازرق,2xl
35765638764,ازرق/3xl-35765638764,0,"سوت قطعتين",ازرق/3xl,ازرق,3xl
4784368,ازرق/3xl-4784368,100,"thirty سويت شيرت",ازرق/3xl,ازرق,3xl
7225741,ازرق/3XL-7225741,18,"كاندي قطعتين",ازرق/3xl,ازرق,3xl
77597265,ازرق/3XL-77597265,101,kami,ازرق/3xl,ازرق,3xl
82477702,ازرق/3xl-82477702,82,"سوت قطعتين",ازرق/3xl,ازرق,3xl
868037503,ازرق/3xl-868037503,100,"ريب سوت",ازرق/3xl,ازرق,3xl
94754284,ازرق/3XL-94754284,101,"sola suit",ازرق/3xl,ازرق,3xl
35765638764,ازرق/xl-35765638764,298,"سوت قطعتين",ازرق/xl,ازرق,xl
4784368,ازرق/xl-4784368,96,"thirty سويت شيرت",ازرق/xl,ازرق,xl
7225741,ازرق/XL-7225741,19,"كاندي قطعتين",ازرق/xl,ازرق,xl
77597265,ازرق/XL-77597265,99,kami,ازرق/xl,ازرق,xl
82477702,ازرق/xl-82477702,80,"سوت قطعتين",ازرق/xl,ازرق,xl
868037503,ازرق/xl-868037503,100,"ريب سوت",ازرق/xl,ازرق,xl
9095858,ازرق/xl-9095858,98,"فستان ريب",ازرق/xl,ازرق,xl
94754284,ازرق/XL-94754284,98,"sola suit",ازرق/xl,ازرق,xl
643946289,"اسبراي التفتيح البينك-643946289",100,"اسبراي التفتيح البينك","اسبراي التفتيح البينك","اسبراي التفتيح البينك",None
0989738126,اسود,100,"المبخرة الشلال (10 قطع بخور هدية مجانية) - نافورة الشكولاتة",اسود,اسود,None
48877683,"اسود مقلم-48877683",100,"اسدال مقلم","اسود مقلم","اسود مقلم",None
275957,اسود-275957,100,"شال فورير",اسود,اسود,None
275957,اسود-27595770760,100,"شال فورير",اسود,اسود,None
324534635,اسود-324534635,100,خمار,اسود,اسود,None
332949857,اسود-332949857,100,"اسدال الندى",اسود,اسود,None
5654837457349,اسود-5654837457349,100,"شال كاب",اسود,اسود,None
759048585574,اسود-759048585574,100,"شيميز اوفر سايز",اسود,اسود,None
77884560,اسود-77884560,100,"مبخره الكعبه",اسود,اسود,None
84775922,اسود-84775922,104,"اسدال Bo",اسود,اسود,None
94877503,اسود-94877503,100,"اسدال مشجر",اسود,اسود,None
987986239,اسود-987986239,97,"مبخرة قهوة",اسود,اسود,None
2345552234,اسود*اسود/2XL-2345552234,100,"دريس وجاكيت روزالين",اسود*اسود/2XL,اسود*اسود,2XL
2345552234,اسود*اسود/XL-2345552234,99,"دريس وجاكيت روزالين",اسود*اسود/XL,اسود*اسود,XL
2345552234,اسود*موكا/2XL-2345552234,100,"دريس وجاكيت روزالين",اسود*موكا/2XL,اسود*موكا,2XL
2345552234,اسود*موكا/XL-2345552234,100,"دريس وجاكيت روزالين",اسود*موكا/XL,اسود*موكا,XL
127858495,اسود/2XL-127858495,100,"جاكيت ساده",اسود/2XL,اسود,2XL
158701021,اسود/2XL-158701021,97,"طقم Olivia suit",اسود/2XL,اسود,2XL
21784358,اسود/2XL-21784358,99,"جاكيت ببندانه",اسود/2XL,اسود,2XL
23859748,اسود/2XL-23859748,100,"تيشرت بيكا",اسود/2XL,اسود,2XL
2456543689032,اسود/2xl-2456543689032,,"طقم كارديجان وبنطلون",اسود/2XL,اسود,2XL
2474055,اسود/2XL-2474055,98,"جاكيت بسوسته",اسود/2XL,اسود,2XL
275479,اسود/2XL-275479,0,"New york",اسود/2XL,اسود,2XL
275517,اسود/2xl-275517,43,galaxy,اسود/2XL,اسود,2XL
275518,اسود/2XL-275518,0,lovelysweetshirt,اسود/2XL,اسود,2XL
2893454957,اسود/2XL-2893454957,100,"جاكيت مقلم",اسود/2XL,اسود,2XL
344526783,اسود/2XL-344526783,80,"ترنج monster",اسود/2XL,اسود,2XL
35765638764,اسود/2xl-35765638764,0,"سوت قطعتين",اسود/2XL,اسود,2XL
384783985,اسود/2XL-384783985,95,"ايمي سوت",اسود/2XL,اسود,2XL
43763129,اسود/2XL-43763129,100,بالطو,اسود/2XL,اسود,2XL
44557883,اسود/2xl-44557883,30,ياقوت,اسود/2XL,اسود,2XL
445678,اسود/2xl-445678,100,هودي,اسود/2XL,اسود,2XL
4544334422,اسود/2xl-4544334422,2,"طقم 3 قطع",اسود/2XL,اسود,2XL
456783595395870,اسود/2xl-456783595395870,,"شيميز روزالين",اسود/2XL,اسود,2XL
47565789,اسود/2xl-47565789,77,"طقم 4 قطع",اسود/2XL,اسود,2XL
4784368,اسود/2xl-4784368,100,"thirty سويت شيرت",اسود/2XL,اسود,2XL
49675024,اسود/2XL-49675024,74,freeedom,اسود/2XL,اسود,2XL
5037503,اسود/2XL-5037503,0,"بلوزه زراير",اسود/2XL,اسود,2XL
53553553,اسود/2xl-53553553,23,"كراميل سوت",اسود/2XL,اسود,2XL
5445454,اسود/2XL-5445454,840,"بنطلون كيكي",اسود/2XL,اسود,2XL
55468368,اسود/2xl-55468368,100,"شيميز كاروه وتيشرت",اسود/2XL,اسود,2XL
5630877,اسود/2xl-5630877,0,"رودي بالطو",اسود/2XL,اسود,2XL
747893865,اسود/2XL-747893865,0,تونك,اسود/2XL,اسود,2XL
7492649,اسود/2XL-7492649,78,"بلوزه ساندي",اسود/2XL,اسود,2XL
75027454,اسود/2XL-75027454,0,"بلوفر ورده",اسود/2XL,اسود,2XL
77597265,اسود/2XL-77597265,0,kami,اسود/2XL,اسود,2XL
78493473744,اسود/2XL-78493473744,0,"بنطلون رجالي كتان",اسود/2XL,اسود,2XL
82477702,اسود/2xl-82477702,75,"سوت قطعتين",اسود/2XL,اسود,2XL
8376490,اسود/2xl-8376490,97,"cargo suit",اسود/2XL,اسود,2XL
84947920,اسود/2XL-84947920,0,"بلوزه girl boss",اسود/2XL,اسود,2XL
849944,اسود/2XL-849944,88,"ترنج run",اسود/2XL,اسود,2XL
857394711,اسود/2XL-857394711,50,"summer vibes",اسود/2XL,اسود,2XL
8635647,اسود/2xl-8635647,23,"سندريلا سوت",اسود/2XL,اسود,2XL
868037503,اسود/2xl-868037503,1,"ريب سوت",اسود/2XL,اسود,2XL
8712007797,اسود/2XL-8712007797,99,"ترنج سي  C",اسود/2XL,اسود,2XL
8742008,اسود/2XL-8742008,56,"ليلي دريس",اسود/2XL,اسود,2XL
8745200,اسود/2XL-8745200,26,"شيميز قمر",اسود/2XL,اسود,2XL
9095858,اسود/2xl-9095858,0,"فستان ريب",اسود/2XL,اسود,2XL
94754284,اسود/2XL-94754284,96,"sola suit",اسود/2XL,اسود,2XL
9476764,اسود/2XL-9476764,23,"X TEE SHIRT",اسود/2XL,اسود,2XL
94847204,اسود/2XL-94847204,98,"بنطلون حريمي",اسود/2XL,اسود,2XL
127858495,اسود/3XL-127858495,8,"جاكيت ساده",اسود/3XL,اسود,3XL
158701021,اسود/3XL-158701021,92,"طقم Olivia suit",اسود/3XL,اسود,3XL
21784358,اسود/3XL-21784358,98,"جاكيت ببندانه",اسود/3XL,اسود,3XL
23859748,اسود/3XL-23859748,7,"تيشرت بيكا",اسود/3XL,اسود,3XL
2474055,اسود/3XL-2474055,99,"جاكيت بسوسته",اسود/3XL,اسود,3XL
275479,اسود/3XL-275479,0,"New york",اسود/3XL,اسود,3XL
275517,اسود/3xl-275517,42,galaxy,اسود/3XL,اسود,3XL
275518,اسود/3XL-275518,0,lovelysweetshirt,اسود/3XL,اسود,3XL
2893454957,اسود/3XL-2893454957,100,"جاكيت مقلم",اسود/3XL,اسود,3XL
344526783,اسود/3XL-344526783,84,"ترنج monster",اسود/3XL,اسود,3XL
35765638764,اسود/3xl-35765638764,0,"سوت قطعتين",اسود/3XL,اسود,3XL
384783985,اسود/3XL-384783985,98,"ايمي سوت",اسود/3XL,اسود,3XL
43763129,اسود/3XL-43763129,101,بالطو,اسود/3XL,اسود,3XL
44557883,اسود/3xl-44557883,30,ياقوت,اسود/3XL,اسود,3XL
4544334422,اسود/3xl-4544334422,0,"طقم 3 قطع",اسود/3XL,اسود,3XL
4784368,اسود/3xl-4784368,98,"thirty سويت شيرت",اسود/3XL,اسود,3XL
49675024,اسود/3XL-49675024,78,freeedom,اسود/3XL,اسود,3XL
53553553,اسود/3xl-53553553,20,"كراميل سوت",اسود/3XL,اسود,3XL
5445454,اسود/3XL-5445454,830,"بنطلون كيكي",اسود/3XL,اسود,3XL
55468368,اسود/3xl-55468368,99,"شيميز كاروه وتيشرت",اسود/3XL,اسود,3XL
5630877,اسود/3xl-5630877,1,"رودي بالطو",اسود/3XL,اسود,3XL
7492649,اسود/3xl-7492649,80,"بلوزه ساندي",اسود/3XL,اسود,3XL
75027454,اسود/3XL-75027454,0,"بلوفر ورده",اسود/3XL,اسود,3XL
77597265,اسود/3XL-77597265,1,kami,اسود/3XL,اسود,3XL
78493473744,اسود/3XL-78493473744,2,"بنطلون رجالي كتان",اسود/3XL,اسود,3XL
82477702,اسود/3xl-82477702,72,"سوت قطعتين",اسود/3XL,اسود,3XL
84947920,اسود/3XL-84947920,1,"بلوزه girl boss",اسود/3XL,اسود,3XL
849944,اسود/3XL-849944,94,"ترنج run",اسود/3XL,اسود,3XL
857394711,اسود/3XL-857394711,50,"summer vibes",اسود/3XL,اسود,3XL
8635647,اسود/3xl-8635647,4,"سندريلا سوت",اسود/3XL,اسود,3XL
868037503,اسود/3xl-868037503,0,"ريب سوت",اسود/3XL,اسود,3XL
8712007797,اسود/3XL-8712007797,99,"ترنج سي  C",اسود/3XL,اسود,3XL
8742008,اسود/3XL-8742008,66,"ليلي دريس",اسود/3XL,اسود,3XL
8745200,اسود/3XL-8745200,30,"شيميز قمر",اسود/3XL,اسود,3XL
94754284,اسود/3XL-94754284,98,"sola suit",اسود/3XL,اسود,3XL
9476764,اسود/3XL-9476764,32,"X TEE SHIRT",اسود/3XL,اسود,3XL
94847204,اسود/3XL-94847204,100,"بنطلون حريمي",اسود/3XL,اسود,3XL
23859748,اسود/4XL-23859748,10,"تيشرت بيكا",اسود/4XL,اسود,4XL
8376490,اسود/A-8376490,,"cargo suit",اسود/A,اسود,A
8376490,اسود/B-8376490,,"cargo suit",اسود/B,اسود,B
8376490,اسود/C-8376490,,"cargo suit",اسود/C,اسود,C
127858495,اسود/XL-127858495,100,"جاكيت ساده",اسود/XL,اسود,XL
158701021,اسود/XL-158701021,94,"طقم Olivia suit",اسود/XL,اسود,XL
21784358,اسود/XL-21784358,97,"جاكيت ببندانه",اسود/XL,اسود,XL
23859748,اسود/XL-23859748,8,"تيشرت بيكا",اسود/XL,اسود,XL
2456543689032,اسود/xl-2456543689032,100,"طقم كارديجان وبنطلون",اسود/XL,اسود,XL
2474055,اسود/XL-2474055,100,"جاكيت بسوسته",اسود/XL,اسود,XL
275479,اسود/XL-275479,97,"New york",اسود/XL,اسود,XL
275517,اسود/xl-275517,54,galaxy,اسود/XL,اسود,XL
275518,اسود/XL-275518,100,lovelysweetshirt,اسود/XL,اسود,XL
2893454957,اسود/XL-2893454957,100,"جاكيت مقلم",اسود/XL,اسود,XL
344526783,اسود/XL-344526783,39,"ترنج monster",اسود/XL,اسود,XL
347488786895,اسود/xl-347488786895,99,"سوت نولا",اسود/XL,اسود,XL
35765638764,اسود/xl-35765638764,298,"سوت قطعتين",اسود/XL,اسود,XL
384783985,اسود/XL-384783985,89,"ايمي سوت",اسود/XL,اسود,XL
43763129,اسود/XL-43763129,163,بالطو,اسود/XL,اسود,XL
44557883,اسود/xl-44557883,30,ياقوت,اسود/XL,اسود,XL
445678,اسود/xl-445678,100,هودي,اسود/XL,اسود,XL
4544334422,اسود/xl-4544334422,100,"طقم 3 قطع",اسود/XL,اسود,XL
456783595395870,اسود/xl-456783595395870,100,"شيميز روزالين",اسود/XL,اسود,XL
4636858874,اسود/xl-4636858874,70,"شيميز سوفت ليكرا",اسود/XL,اسود,XL
47565789,اسود/xl-47565789,88,"طقم 4 قطع",اسود/XL,اسود,XL
475793755,اسود/xl-475793755,100,"ليلي دريس",اسود/XL,اسود,XL
4784368,اسود/xl-4784368,98,"thirty سويت شيرت",اسود/XL,اسود,XL
49675024,اسود/XL-49675024,68,freeedom,اسود/XL,اسود,XL
5037503,اسود/XL-5037503,100,"بلوزه زراير",اسود/XL,اسود,XL
53553553,اسود/xl-53553553,0,"كراميل سوت",اسود/XL,اسود,XL
5445454,اسود/XL-5445454,828,"بنطلون كيكي",اسود/XL,اسود,XL
55468368,اسود/xl-55468368,101,"شيميز كاروه وتيشرت",اسود/XL,اسود,XL
5630877,اسود/xl-5630877,100,"رودي بالطو",اسود/XL,اسود,XL
5868947566,اسود/xl-5868947566,100,"ليلي سوت",اسود/XL,اسود,XL
648934785834,اسود/xl-648934785834,100,شروال,اسود/XL,اسود,XL
74785963,اسود/XL-74785963,123,"بلوزه سندريلا",اسود/XL,اسود,XL
747893865,اسود/XL-747893865,100,تونك,اسود/XL,اسود,XL
7492649,اسود/XL-7492649,129,"بلوزه ساندي",اسود/XL,اسود,XL
75027454,اسود/XL-75027454,100,"بلوفر ورده",اسود/XL,اسود,XL
77597265,اسود/XL-77597265,102,kami,اسود/XL,اسود,XL
78493473744,اسود/XL-78493473744,99,"بنطلون رجالي كتان",اسود/XL,اسود,XL
82477702,اسود/xl-82477702,73,"سوت قطعتين",اسود/XL,اسود,XL
8376490,اسود/xl-8376490,100,"cargo suit",اسود/XL,اسود,XL
84947920,اسود/XL-84947920,56,"بلوزه girl boss",اسود/XL,اسود,XL
849944,اسود/XL-849944,83,"ترنج run",اسود/XL,اسود,XL
857394711,اسود/XL-857394711,51,"summer vibes",اسود/XL,اسود,XL
8635647,اسود/xl-8635647,91,"سندريلا سوت",اسود/XL,اسود,XL
868037503,اسود/xl-868037503,99,"ريب سوت",اسود/XL,اسود,XL
8712007797,اسود/XL-8712007797,96,"ترنج سي  C",اسود/XL,اسود,XL
8742008,اسود/XL-8742008,85,"ليلي دريس",اسود/XL,اسود,XL
8745200,اسود/XL-8745200,22,"شيميز قمر",اسود/XL,اسود,XL
8985467494,اسود/xl-8985467494,100,"ستظل للابد",اسود/XL,اسود,XL
9095858,اسود/xl-9095858,92,"فستان ريب",اسود/XL,اسود,XL
94754284,اسود/XL-94754284,63,"sola suit",اسود/XL,اسود,XL
9476764,اسود/XL-9476764,25,"X TEE SHIRT",اسود/XL,اسود,XL
94847204,اسود/XL-94847204,100,"بنطلون حريمي",اسود/XL,اسود,XL
75934724,اصفر-75934724,100,"عبايه ترندي",اصفر,اصفر,None
5387894574,اصفر*جنزاري/XL-5387894574,100,"دريس ست الحسن",اصفر*جنزاري/XL,اصفر*جنزاري,XL
44557883,اصفر/2xl-44557883,30,ياقوت,اصفر/2XL,اصفر,2XL
55468368,اصفر/2xl-55468368,100,"شيميز كاروه وتيشرت",اصفر/2XL,اصفر,2XL
44557883,اصفر/3xl-44557883,30,ياقوت,اصفر/3XL,اصفر,3XL
55468368,اصفر/3xl-55468368,100,"شيميز كاروه وتيشرت",اصفر/3XL,اصفر,3XL
0945945,اصفر/xl-0945945,100,"سويت شيرت شيري",اصفر/XL,اصفر,XL
44557883,اصفر/xl-44557883,30,ياقوت,اصفر/XL,اصفر,XL
55468368,اصفر/xl-55468368,102,"شيميز كاروه وتيشرت",اصفر/XL,اصفر,XL
989738126,"افورة النجمة",100,"مبخرة قهوة + (10قطع من البخور الفاخر) هدية - اسود","افورة النجمة","افورة النجمة",None
49675024,افوكادو/2XL-49675024,99,freeedom,افوكادو/2XL,افوكادو,2XL
49675024,افوكادو/3XL-49675024,100,freeedom,افوكادو/3XL,افوكادو,3XL
49675024,افوكادو/XL-49675024,100,freeedom,افوكادو/XL,افوكادو,XL
3478264289,"البيت الريفي-3478264289",97,"مبخره البيت الريفي","البيت الريفي","البيت الريفي",None
132214324,الجرة-132214324,100,"النافورة العطرية",الجرة,الجرة,None
44007644,الجره-44007644,99,"نافوره العطور",الجره,الجره,None
132214324,الحجرى-132214324,100,"النافورة العطرية",الحجرى,الحجرى,None
989738126,الساقية,100,"مبخرة قهوة + (10قطع من البخور الفاخر) هدية - اسود",الساقية,الساقية,None
978786754,الساقية-978786754,98,مبخرة,الساقية,الساقية,None
3482974,الساقيه-3482974,100,"مبخره الساقيه",الساقيه,الساقيه,None
132214324,الشجرة-132214324,100,"النافورة العطرية",الشجرة,الشجرة,None
44007644,الشجره-44007644,100,"نافوره العطور",الشجره,الشجره,None
44007644,"الشكل الحجري-44007644",99,"نافوره العطور","الشكل الحجري","الشكل الحجري",None
978786754,الصدفية,99,مبخرة,الصدفية,الصدفية,None
978786754,الصدفيه-978786754,105,مبخرة,الصدفيه,الصدفيه,None
3846403,اورانج-3846403,100,"Puffer coat",اورانج,اورانج,None
44557883,اورانج/2xl-44557883,30,ياقوت,اورانج/2XL,اورانج,2XL
868037503,اورانج/2xl-868037503,0,"ريب سوت",اورانج/2XL,اورانج,2XL
9095858,اورانج/2xl-9095858,17,"فستان ريب",اورانج/2XL,اورانج,2XL
94754284,اورانج/2XL-94754284,100,"sola suit",اورانج/2XL,اورانج,2XL
44557883,اورانج/3xl-44557883,30,ياقوت,اورانج/3XL,اورانج,3XL
868037503,اورانج/3xl-868037503,0,"ريب سوت",اورانج/3XL,اورانج,3XL
94754284,اورانج/3XL-94754284,100,"sola suit",اورانج/3XL,اورانج,3XL
0945945,اورانج/xl-0945945,100,"سويت شيرت شيري",اورانج/xl,اورانج,xl
44557883,اورانج/xl-44557883,30,ياقوت,اورانج/xl,اورانج,xl
868037503,اورانج/xl-868037503,100,"ريب سوت",اورانج/xl,اورانج,xl
9095858,اورانج/xl-9095858,101,"فستان ريب",اورانج/xl,اورانج,xl
94754284,اورانج/XL-94754284,100,"sola suit",اورانج/xl,اورانج,xl
127858495,اوف_وايت/2XL-127858495,0,"جاكيت ساده",اوف_وايت/2xl,اوف_وايت,2xl
2456543689032,اوف_وايت/2xl-2456543689032,1,"طقم كارديجان وبنطلون",اوف_وايت/2xl,اوف_وايت,2xl
77597265,اوف_وايت/2XL-77597265,0,kami,اوف_وايت/2xl,اوف_وايت,2xl
94847204,اوف_وايت/2XL-94847204,100,"بنطلون حريمي",اوف_وايت/2xl,اوف_وايت,2xl
127858495,اوف_وايت/3XL-127858495,0,"جاكيت ساده",اوف_وايت/3XL,اوف_وايت,3XL
77597265,اوف_وايت/3XL-77597265,39,kami,اوف_وايت/3XL,اوف_وايت,3XL
94847204,اوف_وايت/3XL-94847204,100,"بنطلون حريمي",اوف_وايت/3XL,اوف_وايت,3XL
127858495,اوف_وايت/XL-127858495,100,"جاكيت ساده",اوف_وايت/xl,اوف_وايت,xl
2456543689032,اوف_وايت/xl-2456543689032,100,"طقم كارديجان وبنطلون",اوف_وايت/xl,اوف_وايت,xl
77597265,اوف_وايت/XL-77597265,100,kami,اوف_وايت/xl,اوف_وايت,xl
94847204,اوف_وايت/XL-94847204,100,"بنطلون حريمي",اوف_وايت/xl,اوف_وايت,xl
35456438756,بترولي/2xl-35456438756,0,"طقم قطعتين",بترولي/2xl,بترولي,2xl
43763129,بترولي/2XL-43763129,100,بالطو,بترولي/2xl,بترولي,2xl
4544334422,بترولي/2xl-4544334422,0,"طقم 3 قطع",بترولي/2xl,بترولي,2xl
7492649,بترولي/2XL-7492649,93,"بلوزه ساندي",بترولي/2xl,بترولي,2xl
94847204,بترولي/2XL-94847204,100,"بنطلون حريمي",بترولي/2xl,بترولي,2xl
43763129,بترولي/3XL-43763129,100,بالطو,بترولي/3xl,بترولي,3xl
4544334422,بترولي/3xl-4544334422,0,"طقم 3 قطع",بترولي/3xl,بترولي,3xl
7492649,بترولي/3xl-7492649,92,"بلوزه ساندي",بترولي/3xl,بترولي,3xl
94847204,بترولي/3XL-94847204,100,"بنطلون حريمي",بترولي/3xl,بترولي,3xl
35456438756,بترولي/xl-35456438756,100,"طقم قطعتين",بترولي/xl,بترولي,xl
43763129,بترولي/XL-43763129,100,بالطو,بترولي/xl,بترولي,xl
4544334422,بترولي/xl-4544334422,100,"طقم 3 قطع",بترولي/xl,بترولي,xl
7492649,بترولي/XL-7492649,119,"بلوزه ساندي",بترولي/xl,بترولي,xl
94847204,بترولي/XL-94847204,100,"بنطلون حريمي",بترولي/xl,بترولي,xl
35456438756,بتنجاني/2xl-35456438756,149,"طقم قطعتين",بتنجاني/2xl,بتنجاني,2xl
35456438756,بتنجاني/xl-35456438756,100,"طقم قطعتين",بتنجاني/xl,بتنجاني,xl
,"بخرة قهوة",100,"palestine - 32cm*90cm","بخرة قهوة","بخرة قهوة",None
87468,بخور-87468,999971,بخور,بخور,بخور,None
84947920,برتقالي/2XL-84947920,29,"بلوزه girl boss",برتقالي/2XL,برتقالي,2XL
84947920,برتقالي/3XL-84947920,33,"بلوزه girl boss",برتقالي/3XL,برتقالي,3XL
84947920,برتقالي/XL-84947920,98,"بلوزه girl boss",برتقالي/XL,برتقالي,XL
43567876,بطيخى/2XL-43567876,0,ديفا,بطيخى/2XL,بطيخى,2XL
43567876,بطيخى/3XL-43567876,0,ديفا,بطيخى/3XL,بطيخى,3XL
43567876,بطيخى/XL-43567876,102,ديفا,بطيخى/XL,بطيخى,XL
2456543689032,بطيخي/2xl-2456543689032,,"طقم كارديجان وبنطلون",بطيخي/2XL,بطيخي,2XL
53553553,بطيخي/2xl-53553553,27,"كراميل سوت",بطيخي/2XL,بطيخي,2XL
53553553,بطيخي/3xl-53553553,36,"كراميل سوت",بطيخي/3XL,بطيخي,3XL
2456543689032,بطيخي/xl-2456543689032,100,"طقم كارديجان وبنطلون",بطيخي/XL,بطيخي,XL
53553553,بطيخي/xl-53553553,15,"كراميل سوت",بطيخي/XL,بطيخي,XL
35765638764,بنفسجي/2xl-35765638764,0,"سوت قطعتين",بنفسجي/2xl,بنفسجي,2xl
7492649,بنفسجي/2XL-7492649,106,"بلوزه ساندي",بنفسجي/2xl,بنفسجي,2xl
82477702,بنفسجي/2xl-82477702,112,"سوت قطعتين",بنفسجي/2xl,بنفسجي,2xl
35765638764,بنفسجي/3xl-35765638764,0,"سوت قطعتين",بنفسجي/3xl,بنفسجي,3xl
7492649,بنفسجي/3xl-7492649,108,"بلوزه ساندي",بنفسجي/3xl,بنفسجي,3xl
82477702,بنفسجي/3xl-82477702,0,"سوت قطعتين",بنفسجي/3xl,بنفسجي,3xl
35765638764,بنفسجي/xl-35765638764,303,"سوت قطعتين",بنفسجي/xl,بنفسجي,xl
7492649,بنفسجي/XL-7492649,107,"بلوزه ساندي",بنفسجي/xl,بنفسجي,xl
82477702,بنفسجي/xl-82477702,25,"سوت قطعتين",بنفسجي/xl,بنفسجي,xl
275479,بني/2XL-275479,0,"New york",بني/2XL,بني,2XL
43763129,بني/2XL-43763129,100,بالطو,بني/2XL,بني,2XL
5630877,بني/2xl-5630877,0,"رودي بالطو",بني/2XL,بني,2XL
7492649,بني/2XL-7492649,96,"بلوزه ساندي",بني/2XL,بني,2XL
77597265,بني/2XL-77597265,0,kami,بني/2XL,بني,2XL
8635647,بني/2xl-8635647,37,"سندريلا سوت",بني/2XL,بني,2XL
275479,بني/3XL-275479,0,"New york",بني/3XL,بني,3XL
43763129,بني/3XL-43763129,100,بالطو,بني/3XL,بني,3XL
5630877,بني/3xl-5630877,36,"رودي بالطو",بني/3XL,بني,3XL
7492649,بني/3xl-7492649,87,"بلوزه ساندي",بني/3XL,بني,3XL
77597265,بني/3XL-77597265,0,kami,بني/3XL,بني,3XL
8635647,بني/3xl-8635647,31,"سندريلا سوت",بني/3XL,بني,3XL
275479,بني/XL-275479,101,"New york",بني/XL,بني,XL
43763129,بني/XL-43763129,100,بالطو,بني/XL,بني,XL
5630877,بني/xl-5630877,99,"رودي بالطو",بني/XL,بني,XL
7492649,بني/XL-7492649,96,"بلوزه ساندي",بني/XL,بني,XL
77597265,بني/XL-77597265,100,kami,بني/XL,بني,XL
8635647,بني/xl-8635647,117,"سندريلا سوت",بني/XL,بني,XL
8712007797,"بيبي بلو/2XL-8712007797",100,"ترنج سي  C","بيبي بلو/2XL","بيبي بلو",2XL
857394711,"بيبي بلو/3XL",0,"summer vibes","بيبي بلو/3XL","بيبي بلو",3XL
8712007797,"بيبي بلو/3XL-8712007797",99,"ترنج سي  C","بيبي بلو/3XL","بيبي بلو",3XL
456930,"بيبي بلو/XL",2,"سويت شيرت شيري -","بيبي بلو/XL","بيبي بلو",XL
8712007797,"بيبي بلو/XL-8712007797",100,"ترنج سي  C","بيبي بلو/XL","بيبي بلو",XL
275479,بيبي_بلو/2XL-275479,0,"New york",بيبي_بلو/2xl,بيبي_بلو,2xl
275517,بيبي_بلو/2xl-275517,38,galaxy,بيبي_بلو/2xl,بيبي_بلو,2xl
2893454957,بيبي_بلو/2XL-2893454957,100,"جاكيت مقلم",بيبي_بلو/2xl,بيبي_بلو,2xl
44557883,بيبي_بلو/2xl-44557883,30,ياقوت,بيبي_بلو/2xl,بيبي_بلو,2xl
4784368,بيبي_بلو/2xl-4784368,99,"thirty سويت شيرت",بيبي_بلو/2xl,بيبي_بلو,2xl
49675024,بيبي_بلو/2XL-49675024,98,freeedom,بيبي_بلو/2xl,بيبي_بلو,2xl
857394711,بيبي_بلو/2XL-857394711,50,"summer vibes",بيبي_بلو/2xl,بيبي_بلو,2xl
94754284,بيبي_بلو/2XL-94754284,99,"sola suit",بيبي_بلو/2xl,بيبي_بلو,2xl
275479,بيبي_بلو/3XL-275479,0,"New york",بيبي_بلو/3xl,بيبي_بلو,3xl
275517,بيبي_بلو/3xl-275517,44,galaxy,بيبي_بلو/3xl,بيبي_بلو,3xl
2893454957,بيبي_بلو/3XL-2893454957,100,"جاكيت مقلم",بيبي_بلو/3xl,بيبي_بلو,3xl
44557883,بيبي_بلو/3xl-44557883,30,ياقوت,بيبي_بلو/3xl,بيبي_بلو,3xl
4784368,بيبي_بلو/3xl-4784368,98,"thirty سويت شيرت",بيبي_بلو/3xl,بيبي_بلو,3xl
49675024,بيبي_بلو/3XL-49675024,99,freeedom,بيبي_بلو/3xl,بيبي_بلو,3xl
857394711,بيبي_بلو/3XL-857394711,50,"summer vibes",بيبي_بلو/3xl,بيبي_بلو,3xl
94754284,بيبي_بلو/3XL-94754284,99,"sola suit",بيبي_بلو/3xl,بيبي_بلو,3xl
0945945,بيبي_بلو/xl-0945945,100,"سويت شيرت شيري",بيبي_بلو/xl,بيبي_بلو,xl
275479,بيبي_بلو/XL-275479,101,"New york",بيبي_بلو/xl,بيبي_بلو,xl
275517,بيبي_بلو/xl-275517,48,galaxy,بيبي_بلو/xl,بيبي_بلو,xl
2893454957,بيبي_بلو/XL-2893454957,100,"جاكيت مقلم",بيبي_بلو/xl,بيبي_بلو,xl
44557883,بيبي_بلو/xl-44557883,30,ياقوت,بيبي_بلو/xl,بيبي_بلو,xl
4784368,بيبي_بلو/xl-4784368,98,"thirty سويت شيرت",بيبي_بلو/xl,بيبي_بلو,xl
49675024,بيبي_بلو/XL-49675024,100,freeedom,بيبي_بلو/xl,بيبي_بلو,xl
857394711,بيبي_بلو/XL-857394711,49,"summer vibes",بيبي_بلو/xl,بيبي_بلو,xl
94754284,بيبي_بلو/XL-94754284,101,"sola suit",بيبي_بلو/xl,بيبي_بلو,xl
988665346,"بيت 1",100,"المبخرة الدفاية","بيت 1","بيت 1",None
,"بيت 2",100,"palestine - 32cm*90cm","بيت 2","بيت 2",None
567654333,"بيت السنافر",97,"مبخره السنفور","بيت السنافر","بيت السنافر",None
001158785,بيج-001158785,100,"عبايه خليجي",بيج,بيج,None
275957,بيج-275957,100,"شال فورير",بيج,بيج,None
275957,بيج-27595770760,100,"شال فورير",بيج,بيج,None
94877503,بيج-94877503,100,"اسدال مشجر",بيج,بيج,None
5387894574,بيج*ابيض/XL-5387894574,100,"دريس ست الحسن",بيج*ابيض/XL,بيج*ابيض,XL
2345552234,بيج*اسود/2XL-2345552234,0,"دريس وجاكيت روزالين",بيج*اسود/2XL,بيج*اسود,2XL
2345552234,بيج*اسود/XL-2345552234,100,"دريس وجاكيت روزالين",بيج*اسود/XL,بيج*اسود,XL
21784358,بيج/2XL-21784358,100,"جاكيت ببندانه",بيج/2XL,بيج,2XL
2456543689032,بيج/2xl-2456543689032,,"طقم كارديجان وبنطلون",بيج/2XL,بيج,2XL
275517,بيج/2xl-275517,50,galaxy,بيج/2XL,بيج,2XL
275518,بيج/2XL-275518,0,lovelysweetshirt,بيج/2XL,بيج,2XL
35456438756,بيج/2xl-35456438756,151,"طقم قطعتين",بيج/2XL,بيج,2XL
384783985,بيج/2XL-384783985,97,"ايمي سوت",بيج/2XL,بيج,2XL
4544334422,بيج/2xl-4544334422,0,"طقم 3 قطع",بيج/2XL,بيج,2XL
47565789,بيج/2xl-47565789,77,"طقم 4 قطع",بيج/2XL,بيج,2XL
5037503,بيج/2XL-5037503,0,"بلوزه زراير",بيج/2XL,بيج,2XL
7492649,بيج/2XL-7492649,94,"بلوزه ساندي",بيج/2XL,بيج,2XL
77597265,بيج/2XL-77597265,0,kami,بيج/2XL,بيج,2XL
784857845,بيج/2XL-784857845,50,"بالطو كاروه",بيج/2XL,بيج,2XL
78493473744,بيج/2XL-78493473744,1,"بنطلون رجالي كتان",بيج/2XL,بيج,2XL
82477702,بيج/2xl-82477702,94,"سوت قطعتين",بيج/2XL,بيج,2XL
8376490,بيج/2xl-8376490,1,"cargo suit",بيج/2XL,بيج,2XL
849944,بيج/2XL-849944,97,"ترنج run",بيج/2XL,بيج,2XL
857394711,بيج/2XL-857394711,50,"summer vibes",بيج/2XL,بيج,2XL
8742008,بيج/2XL-8742008,54,"ليلي دريس",بيج/2XL,بيج,2XL
8745200,بيج/2XL-8745200,19,"شيميز قمر",بيج/2XL,بيج,2XL
9095858,بيج/2xl-9095858,14,"فستان ريب",بيج/2XL,بيج,2XL
9476764,بيج/2XL-9476764,27,"X TEE SHIRT",بيج/2XL,بيج,2XL
94847204,بيج/2XL-94847204,100,"بنطلون حريمي",بيج/2XL,بيج,2XL
21784358,بيج/3XL-21784358,100,"جاكيت ببندانه",بيج/3XL,بيج,3XL
275517,بيج/3xl-275517,48,galaxy,بيج/3XL,بيج,3XL
275518,بيج/3XL-275518,0,lovelysweetshirt,بيج/3XL,بيج,3XL
384783985,بيج/3XL-384783985,100,"ايمي سوت",بيج/3XL,بيج,3XL
4544334422,بيج/3xl-4544334422,0,"طقم 3 قطع",بيج/3XL,بيج,3XL
7492649,بيج/3xl-7492649,95,"بلوزه ساندي",بيج/3XL,بيج,3XL
77597265,بيج/3XL-77597265,3,kami,بيج/3XL,بيج,3XL
784857845,بيج/3XL-784857845,50,"بالطو كاروه",بيج/3XL,بيج,3XL
78493473744,بيج/3XL-78493473744,3,"بنطلون رجالي كتان",بيج/3XL,بيج,3XL
82477702,بيج/3xl-82477702,76,"سوت قطعتين",بيج/3XL,بيج,3XL
849944,بيج/3XL-849944,96,"ترنج run",بيج/3XL,بيج,3XL
857394711,بيج/3XL-857394711,50,"summer vibes",بيج/3XL,بيج,3XL
8742008,بيج/3XL-8742008,72,"ليلي دريس",بيج/3XL,بيج,3XL
8745200,بيج/3XL-8745200,24,"شيميز قمر",بيج/3XL,بيج,3XL
9476764,بيج/3XL-9476764,36,"X TEE SHIRT",بيج/3XL,بيج,3XL
94847204,بيج/3XL-94847204,100,"بنطلون حريمي",بيج/3XL,بيج,3XL
8376490,بيج/A-8376490,,"cargo suit",بيج/A,بيج,A
8376490,بيج/B-8376490,,"cargo suit",بيج/B,بيج,B
8376490,بيج/C-8376490,,"cargo suit",بيج/C,بيج,C
35363342,بيج/XL,100,"ساندي - ",بيج/XL,بيج,XL
0945945,بيج/xl-0945945,100,"سويت شيرت شيري",بيج/XL,بيج,XL
21784358,بيج/XL-21784358,101,"جاكيت ببندانه",بيج/XL,بيج,XL
2456543689032,بيج/xl-2456543689032,100,"طقم كارديجان وبنطلون",بيج/XL,بيج,XL
275517,بيج/xl-275517,52,galaxy,بيج/XL,بيج,XL
275518,بيج/XL-275518,101,lovelysweetshirt,بيج/XL,بيج,XL
347488786895,بيج/xl-347488786895,97,"سوت نولا",بيج/XL,بيج,XL
35456438756,بيج/xl-35456438756,100,"طقم قطعتين",بيج/XL,بيج,XL
384783985,بيج/XL-384783985,100,"ايمي سوت",بيج/XL,بيج,XL
4544334422,بيج/xl-4544334422,100,"طقم 3 قطع",بيج/XL,بيج,XL
47565789,بيج/xl-47565789,82,"طقم 4 قطع",بيج/XL,بيج,XL
475793755,بيج/xl-475793755,102,"ليلي دريس",بيج/XL,بيج,XL
5037503,بيج/XL-5037503,100,"بلوزه زراير",بيج/XL,بيج,XL
5868947566,بيج/xl-5868947566,101,"ليلي سوت",بيج/XL,بيج,XL
648934785834,بيج/xl-648934785834,100,شروال,بيج/XL,بيج,XL
7492649,بيج/XL-7492649,103,"بلوزه ساندي",بيج/XL,بيج,XL
77597265,بيج/XL-77597265,102,kami,بيج/XL,بيج,XL
784857845,بيج/XL-784857845,100,"بالطو كاروه",بيج/XL,بيج,XL
78493473744,بيج/XL-78493473744,100,"بنطلون رجالي كتان",بيج/XL,بيج,XL
82477702,بيج/xl-82477702,77,"سوت قطعتين",بيج/XL,بيج,XL
8376490,بيج/xl-8376490,100,"cargo suit",بيج/XL,بيج,XL
849944,بيج/XL-849944,94,"ترنج run",بيج/XL,بيج,XL
857394711,بيج/XL-857394711,51,"summer vibes",بيج/XL,بيج,XL
8742008,بيج/XL-8742008,75,"ليلي دريس",بيج/XL,بيج,XL
8745200,بيج/XL-8745200,9,"شيميز قمر",بيج/XL,بيج,XL
9095858,بيج/xl-9095858,100,"فستان ريب",بيج/XL,بيج,XL
9476764,بيج/XL-9476764,31,"X TEE SHIRT",بيج/XL,بيج,XL
94847204,بيج/XL-94847204,100,"بنطلون حريمي",بيج/XL,بيج,XL
868037503,بيح/2xl-868037503,1,"ريب سوت",بيح/2xl,بيح,2xl
868037503,بيح/3xl-868037503,0,"ريب سوت",بيح/3xl,بيح,3xl
74785963,بيح/XL-74785963,100,"بلوزه سندريلا",بيح/xl,بيح,xl
868037503,بيح/xl-868037503,100,"ريب سوت",بيح/xl,بيح,xl
275479,بينك/2XL-275479,0,"New york",بينك/2XL,بينك,2XL
275486,بينك/2XL-275486,99,Mulvari,بينك/2XL,بينك,2XL
275517,بينك/2xl-275517,45,galaxy,بينك/2XL,بينك,2XL
275518,بينك/2XL-275518,0,lovelysweetshirt,بينك/2XL,بينك,2XL
456783595395870,بينك/2xl-456783595395870,149,"شيميز روزالين",بينك/2XL,بينك,2XL
486453415,بينك/2XL-486453415,45,"ترنج حروف",بينك/2XL,بينك,2XL
84947920,بينك/2XL-84947920,11,"بلوزه girl boss",بينك/2XL,بينك,2XL
275479,بينك/3XL-275479,0,"New york",بينك/3XL,بينك,3XL
275486,بينك/3XL-275486,100,Mulvari,بينك/3XL,بينك,3XL
275517,بينك/3xl-275517,47,galaxy,بينك/3XL,بينك,3XL
275518,بينك/3XL-275518,0,lovelysweetshirt,بينك/3XL,بينك,3XL
486453415,بينك/3XL-486453415,50,"ترنج حروف",بينك/3XL,بينك,3XL
84947920,بينك/3XL-84947920,26,"بلوزه girl boss",بينك/3XL,بينك,3XL
275479,بينك/XL-275479,101,"New york",بينك/XL,بينك,XL
275486,بينك/XL-275486,100,Mulvari,بينك/XL,بينك,XL
275517,بينك/xl-275517,38,galaxy,بينك/XL,بينك,XL
275518,بينك/XL-275518,99,lovelysweetshirt,بينك/XL,بينك,XL
456783595395870,بينك/xl-456783595395870,100,"شيميز روزالين",بينك/XL,بينك,XL
486453415,بينك/XL-486453415,101,"ترنج حروف",بينك/XL,بينك,XL
5868947566,بينك/xl-5868947566,100,"ليلي سوت",بينك/XL,بينك,XL
84947920,بينك/XL-84947920,63,"بلوزه girl boss",بينك/XL,بينك,XL
759238749,تركواز-759238749,100,"اسدال CO",تركواز,تركواز,None
5868947566,تركواز/xl-5868947566,100,"ليلي سوت",تركواز/xl,تركواز,xl
8376490,تفاحي/2xl-8376490,99,"cargo suit",تفاحي/2xl,تفاحي,2xl
8376490,تفاحي/A-8376490,,"cargo suit",تفاحي/A,تفاحي,A
8376490,تفاحي/B-8376490,,"cargo suit",تفاحي/B,تفاحي,B
8376490,تفاحي/C-8376490,,"cargo suit",تفاحي/C,تفاحي,C
8376490,تفاحي/xl-8376490,100,"cargo suit",تفاحي/xl,تفاحي,xl
275957,ثعلبي,100,"شال فورير",ثعلبي,ثعلبي,None
275957,ثعلبي-275957,100,"شال فورير",ثعلبي,ثعلبي,None
275957,ثعلبي-27595770760,100,"شال فورير",ثعلبي,ثعلبي,None
5037503,جراي/2XL-5037503,0,"بلوزه زراير",جراي/2XL,جراي,2XL
5445454,جراي/2XL-5445454,933,"بنطلون كيكي",جراي/2XL,جراي,2XL
857394711,جراي/2XL-857394711,50,"summer vibes",جراي/2XL,جراي,2XL
8742008,جراي/2XL-8742008,9,"ليلي دريس",جراي/2XL,جراي,2XL
43763129,جراي/3XL,1,بالطو,جراي/3XL,جراي,3XL
5445454,جراي/3XL-5445454,945,"بنطلون كيكي",جراي/3XL,جراي,3XL
857394711,جراي/3XL-857394711,52,"summer vibes",جراي/3XL,جراي,3XL
8742008,جراي/3XL-8742008,53,"ليلي دريس",جراي/3XL,جراي,3XL
347488786895,جراي/xl-347488786895,100,"سوت نولا",جراي/XL,جراي,XL
475793755,جراي/xl-475793755,102,"ليلي دريس",جراي/XL,جراي,XL
5037503,جراي/XL-5037503,100,"بلوزه زراير",جراي/XL,جراي,XL
5445454,جراي/XL-5445454,920,"بنطلون كيكي",جراي/XL,جراي,XL
857394711,جراي/XL-857394711,45,"summer vibes",جراي/XL,جراي,XL
8742008,جراي/XL-8742008,47,"ليلي دريس",جراي/XL,جراي,XL
5654837457349,جملي-5654837457349,100,"شال كاب",جملي,جملي,None
43763129,جنزارى/XL,21,بالطو,جنزارى/XL,جنزارى,XL
332949857,جنزاري-332949857,100,"اسدال الندى",جنزاري,جنزاري,None
759048585574,جنزاري-759048585574,100,"شيميز اوفر سايز",جنزاري,جنزاري,None
127858495,جنزاري/2XL-127858495,3,"جاكيت ساده",جنزاري/2XL,جنزاري,2XL
21784358,جنزاري/2XL-21784358,98,"جاكيت ببندانه",جنزاري/2XL,جنزاري,2XL
2474055,جنزاري/2XL-2474055,100,"جاكيت بسوسته",جنزاري/2XL,جنزاري,2XL
35456438756,جنزاري/2xl-35456438756,150,"طقم قطعتين",جنزاري/2XL,جنزاري,2XL
43763129,جنزاري/2XL-43763129,99,بالطو,جنزاري/2XL,جنزاري,2XL
445678,جنزاري/2xl-445678,100,هودي,جنزاري/2XL,جنزاري,2XL
747893865,جنزاري/2XL-747893865,0,تونك,جنزاري/2XL,جنزاري,2XL
7492649,جنزاري/2XL-7492649,95,"بلوزه ساندي",جنزاري/2XL,جنزاري,2XL
8742008,جنزاري/2XL-8742008,51,"ليلي دريس",جنزاري/2XL,جنزاري,2XL
127858495,جنزاري/3XL-127858495,25,"جاكيت ساده",جنزاري/3XL,جنزاري,3XL
21784358,جنزاري/3XL-21784358,99,"جاكيت ببندانه",جنزاري/3XL,جنزاري,3XL
2474055,جنزاري/3XL-2474055,100,"جاكيت بسوسته",جنزاري/3XL,جنزاري,3XL
43763129,جنزاري/3XL-43763129,97,بالطو,جنزاري/3XL,جنزاري,3XL
7492649,جنزاري/3xl-7492649,97,"بلوزه ساندي",جنزاري/3XL,جنزاري,3XL
8742008,جنزاري/3XL-8742008,62,"ليلي دريس",جنزاري/3XL,جنزاري,3XL
127858495,جنزاري/XL-127858495,100,"جاكيت ساده",جنزاري/XL,جنزاري,XL
21784358,جنزاري/XL-21784358,101,"جاكيت ببندانه",جنزاري/XL,جنزاري,XL
2474055,جنزاري/XL-2474055,100,"جاكيت بسوسته",جنزاري/XL,جنزاري,XL
35456438756,جنزاري/xl-35456438756,100,"طقم قطعتين",جنزاري/XL,جنزاري,XL
43763129,جنزاري/XL-43763129,100,بالطو,جنزاري/XL,جنزاري,XL
445678,جنزاري/xl-445678,100,هودي,جنزاري/XL,جنزاري,XL
475793755,جنزاري/xl-475793755,100,"ليلي دريس",جنزاري/XL,جنزاري,XL
5868947566,جنزاري/xl-5868947566,103,"ليلي سوت",جنزاري/XL,جنزاري,XL
747893865,جنزاري/XL-747893865,100,تونك,جنزاري/XL,جنزاري,XL
7492649,جنزاري/XL-7492649,120,"بلوزه ساندي",جنزاري/XL,جنزاري,XL
8742008,جنزاري/XL-8742008,77,"ليلي دريس",جنزاري/XL,جنزاري,XL
58458724,دهبي-58458724,102,"حامل المصحف",دهبي,دهبي,None
987986239,دهبي-987986239,96,"مبخرة قهوة",دهبي,دهبي,None
874100008,ذهبي-874100008,99973,"طقم المعوذتين",ذهبي,ذهبي,None
5654837457349,رصاصي-5654837457349,100,"شال كاب",رصاصي,رصاصي,None
35456438756,رمادي_غامق/2xl-35456438756,0,"طقم قطعتين",رمادي_غامق/2XL,رمادي_غامق,2XL
43763129,رمادي_غامق/2XL-43763129,100,بالطو,رمادي_غامق/2XL,رمادي_غامق,2XL
784857845,رمادي_غامق/2XL-784857845,49,"بالطو كاروه",رمادي_غامق/2XL,رمادي_غامق,2XL
43763129,رمادي_غامق/3XL-43763129,99,بالطو,رمادي_غامق/3XL,رمادي_غامق,3XL
784857845,رمادي_غامق/3XL-784857845,50,"بالطو كاروه",رمادي_غامق/3XL,رمادي_غامق,3XL
35456438756,رمادي_غامق/xl-35456438756,100,"طقم قطعتين",رمادي_غامق/xl,رمادي_غامق,xl
43763129,رمادي_غامق/XL-43763129,100,بالطو,رمادي_غامق/xl,رمادي_غامق,xl
648934785834,رمادي_غامق/xl-648934785834,100,شروال,رمادي_غامق/xl,رمادي_غامق,xl
784857845,رمادي_غامق/XL-784857845,100,"بالطو كاروه",رمادي_غامق/xl,رمادي_غامق,xl
759048585574,رمادي-759048585574,100,"شيميز اوفر سايز",رمادي,رمادي,None
445678,رمادي-فاتح/2xl-445678,100,هودي,رمادي-فاتح/2xl,رمادي-فاتح,2xl
445678,رمادي-فاتح/xl-445678,99,هودي,رمادي-فاتح/xl,رمادي-فاتح,xl
784410541,رمادي/1XL-784410541,98,"ترنج more",رمادي/1XL,رمادي,1XL
158701021,رمادي/2XL-158701021,99,"طقم Olivia suit",رمادي/2XL,رمادي,2XL
275517,رمادي/2xl-275517,42,galaxy,رمادي/2XL,رمادي,2XL
275518,رمادي/2XL-275518,0,lovelysweetshirt,رمادي/2XL,رمادي,2XL
53553553,رمادي/2xl-53553553,40,"كراميل سوت",رمادي/2XL,رمادي,2XL
55468368,رمادي/2xl-55468368,100,"شيميز كاروه وتيشرت",رمادي/2XL,رمادي,2XL
784410541,رمادي/2XL-784410541,100,"ترنج more",رمادي/2XL,رمادي,2XL
78493473744,رمادي/2XL-78493473744,0,"بنطلون رجالي كتان",رمادي/2XL,رمادي,2XL
849944,رمادي/2XL-849944,95,"ترنج run",رمادي/2XL,رمادي,2XL
8635647,رمادي/2xl-8635647,39,"سندريلا سوت",رمادي/2XL,رمادي,2XL
158701021,رمادي/3XL-158701021,98,"طقم Olivia suit",رمادي/3XL,رمادي,3XL
275517,رمادي/3xl-275517,43,galaxy,رمادي/3XL,رمادي,3XL
275518,رمادي/3XL-275518,0,lovelysweetshirt,رمادي/3XL,رمادي,3XL
53553553,رمادي/3xl-53553553,38,"كراميل سوت",رمادي/3XL,رمادي,3XL
55468368,رمادي/3xl-55468368,100,"شيميز كاروه وتيشرت",رمادي/3XL,رمادي,3XL
784410541,رمادي/3XL-784410541,99,"ترنج more",رمادي/3XL,رمادي,3XL
78493473744,رمادي/3XL-78493473744,0,"بنطلون رجالي كتان",رمادي/3XL,رمادي,3XL
849944,رمادي/3XL-849944,99,"ترنج run",رمادي/3XL,رمادي,3XL
8635647,رمادي/3xl-8635647,33,"سندريلا سوت",رمادي/3XL,رمادي,3XL
158701021,رمادي/XL-158701021,97,"طقم Olivia suit",رمادي/XL,رمادي,XL
275517,رمادي/xl-275517,50,galaxy,رمادي/XL,رمادي,XL
275518,رمادي/XL-275518,100,lovelysweetshirt,رمادي/XL,رمادي,XL
53553553,رمادي/xl-53553553,10,"كراميل سوت",رمادي/XL,رمادي,XL
55468368,رمادي/xl-55468368,100,"شيميز كاروه وتيشرت",رمادي/XL,رمادي,XL
78493473744,رمادي/XL-78493473744,100,"بنطلون رجالي كتان",رمادي/XL,رمادي,XL
849944,رمادي/XL-849944,88,"ترنج run",رمادي/XL,رمادي,XL
8635647,رمادي/xl-8635647,112,"سندريلا سوت",رمادي/XL,رمادي,XL
275486,روز/2XL-275486,100,Mulvari,روز/2XL,روز,2XL
7225741,روز/2XL-7225741,17,"كاندي قطعتين",روز/2XL,روز,2XL
275486,روز/3XL-275486,100,Mulvari,روز/3XL,روز,3XL
7225741,روز/3XL-7225741,20,"كاندي قطعتين",روز/3XL,روز,3XL
275486,روز/XL-275486,100,Mulvari,روز/XL,روز,XL
7225741,روز/XL-7225741,20,"كاندي قطعتين",روز/XL,روز,XL
21784358,زهري/2XL-21784358,99,"جاكيت ببندانه",زهري/2xl,زهري,2xl
456783595395870,زهري/2xl-456783595395870,501,"شيميز روزالين",زهري/2xl,زهري,2xl
47565789,زهري/2xl-47565789,87,"طقم 4 قطع",زهري/2xl,زهري,2xl
21784358,زهري/3XL-21784358,100,"جاكيت ببندانه",زهري/3XL,زهري,3XL
21784358,زهري/XL-21784358,100,"جاكيت ببندانه",زهري/xl,زهري,xl
456783595395870,زهري/xl-456783595395870,100,"شيميز روزالين",زهري/xl,زهري,xl
4636858874,زهري/xl-4636858874,70,"شيميز سوفت ليكرا",زهري/xl,زهري,xl
47565789,زهري/xl-47565789,107,"طقم 4 قطع",زهري/xl,زهري,xl
74785963,زهري/XL-74785963,100,"بلوزه سندريلا",زهري/xl,زهري,xl
94877503,زيتي-94877503,100,"اسدال مشجر",زيتي,زيتي,None
784410541,زيتي/1XL-784410541,99,"ترنج more",زيتي/1XL,زيتي,1XL
456783595395870,زيتي/2xl-456783595395870,501,"شيميز روزالين",زيتي/2XL,زيتي,2XL
747893865,زيتي/2XL-747893865,0,تونك,زيتي/2XL,زيتي,2XL
784410541,زيتي/2XL-784410541,99,"ترنج more",زيتي/2XL,زيتي,2XL
78493473744,زيتي/2XL-78493473744,1,"بنطلون رجالي كتان",زيتي/2XL,زيتي,2XL
8376490,زيتي/2xl-8376490,98,"cargo suit",زيتي/2XL,زيتي,2XL
9476764,زيتي/2XL-9476764,44,"X TEE SHIRT",زيتي/2XL,زيتي,2XL
94847204,زيتي/2XL-94847204,100,"بنطلون حريمي",زيتي/2XL,زيتي,2XL
784410541,زيتي/3XL-784410541,99,"ترنج more",زيتي/3XL,زيتي,3XL
78493473744,زيتي/3XL-78493473744,2,"بنطلون رجالي كتان",زيتي/3XL,زيتي,3XL
9476764,زيتي/3XL-9476764,45,"X TEE SHIRT",زيتي/3XL,زيتي,3XL
94847204,زيتي/3XL-94847204,100,"بنطلون حريمي",زيتي/3XL,زيتي,3XL
8376490,زيتي/A-8376490,,"cargo suit",زيتي/A,زيتي,A
8376490,زيتي/B-8376490,,"cargo suit",زيتي/B,زيتي,B
8376490,زيتي/C-8376490,,"cargo suit",زيتي/C,زيتي,C
456783595395870,زيتي/xl-456783595395870,100,"شيميز روزالين",زيتي/XL,زيتي,XL
4636858874,زيتي/xl-4636858874,70,"شيميز سوفت ليكرا",زيتي/XL,زيتي,XL
5868947566,زيتي/xl-5868947566,100,"ليلي سوت",زيتي/XL,زيتي,XL
747893865,زيتي/XL-747893865,100,تونك,زيتي/XL,زيتي,XL
78493473744,زيتي/XL-78493473744,100,"بنطلون رجالي كتان",زيتي/XL,زيتي,XL
8376490,زيتي/xl-8376490,101,"cargo suit",زيتي/XL,زيتي,XL
9476764,زيتي/XL-9476764,56,"X TEE SHIRT",زيتي/XL,زيتي,XL
94847204,زيتي/XL-94847204,100,"بنطلون حريمي",زيتي/XL,زيتي,XL
978786754,"سحب جبال ابها",97,مبخرة,"سحب جبال ابها","سحب جبال ابها",None
43567876,سماوي/2XL-43567876,0,ديفا,سماوي/2XL,سماوي,2XL
43567876,سماوي/3XL-43567876,0,ديفا,سماوي/3XL,سماوي,3XL
43567876,سماوي/XL-43567876,101,ديفا,سماوي/XL,سماوي,XL
74785963,سماوي/XL-74785963,100,"بلوزه سندريلا",سماوي/XL,سماوي,XL
567654333,سنفور-567654333,99,"مبخره السنفور",سنفور,سنفور,None
23859748,شانيه/2XL-23859748,10,"تيشرت بيكا",شانيه/2XL,شانيه,2XL
23859748,شانيه/3XL-23859748,10,"تيشرت بيكا",شانيه/3XL,شانيه,3XL
23859748,شانيه/4XL-23859748,10,"تيشرت بيكا",شانيه/4XL,شانيه,4XL
23859748,شانيه/XL-23859748,10,"تيشرت بيكا",شانيه/XL,شانيه,XL
0989738126,"شكل 1 (البامبو)",100,"المبخرة الشلال (10 قطع بخور هدية مجانية) - نافورة الشكولاتة","شكل 1 (البامبو)","شكل 1 (البامبو)",None
275273,"شكل 1 (البامبو)-incense burner",100,مبخرة,"شكل 1 (البامبو)","شكل 1 (البامبو)",None
87239648,"شكل 10",100,"ساعة الحائط  ثرى دي - شكل ٣","شكل ١٠","شكل ١٠",None
8090100,"شكل 10-8090100",0,"ساعة حائط","شكل 10","شكل 10",None
87239648,"شكل 10//-87239648",100,"ساعات خشب ثري دي","شكل 10//","شكل 10",
275273,"شكل 2 (نافورة الشكولاتة)",100,مبخرة,"شكل 2 (نافورة الشكولاتة)","شكل 2 (نافورة الشكولاتة)",None
275273,"شكل 2 (نافورة الشكولاتة)-incense burner",100,مبخرة,"شكل 2 (نافورة الشكولاتة)","شكل 2 (نافورة الشكولاتة)",None
0989738126,"شكل 2 (نافورة الشوكلاتة)",100,"المبخرة الشلال (10 قطع بخور هدية مجانية) - نافورة الشكولاتة","شكل 2 (نافورة الشوكلاتة)","شكل 2 (نافورة الشوكلاتة)",None
275273,"شكل 3 (النجمة)",100,مبخرة,"شكل 3 (النجمة)","شكل 3 (النجمة)",None
275273,"شكل 3 (النجمة)-incense burner",100,مبخرة,"شكل 3 (النجمة)","شكل 3 (النجمة)",None
8090100,"شكل 4-8090100",9,"ساعة حائط","شكل 4","شكل 4",None
8090100,"شكل 5-8090100",28,"ساعة حائط","شكل 5","شكل 5",None
8090100,"شكل 6-8090100",0,"ساعة حائط","شكل 6","شكل 6",None
8090100,"شكل 7-8090100",51,"ساعة حائط","شكل 7","شكل 7",None
8090100,"شكل 9-8090100",9,"ساعة حائط","شكل 9","شكل 9",None
,"شكل الجرة",100,"palestine - 32cm*90cm","شكل الجرة","شكل الجرة",None
132214324,"شكل الشجرة",100,"النافورة العطرية","شكل الشجرة","شكل الشجرة",None
8090100,شكل1-8090100,999345,"ساعة حائط",شكل1,شكل1,None
87239648,شكل١//-87239648,100,"ساعات خشب ثري دي",شكل١//,شكل١,
8090100,شكل11-8090100,100,"ساعة حائط",شكل11,شكل11,None
8090100,شكل2-8090100,0,"ساعة حائط",شكل2,شكل2,None
87239648,شكل٢//-87239648,100,"ساعات خشب ثري دي",شكل٢//,شكل٢,
8090100,شكل3-8090100,0,"ساعة حائط",شكل3,شكل3,None
87239648,شكل٣//-87239648,100,"ساعات خشب ثري دي",شكل٣//,شكل٣,
275273,"شكل4 (الشلال الجبلى)",100,مبخرة,"شكل4 (الشلال الجبلى)","شكل4 (الشلال الجبلى)",None
275273,"شكل4 (الشلال الجبلى)-incense burner",100,مبخرة,"شكل4 (الشلال الجبلى)","شكل4 (الشلال الجبلى)",None
87239648,شكل٤//-87239648,100,"ساعات خشب ثري دي",شكل٤//,شكل٤,
275273,"شكل5 (صدفية)-incense burner",100,مبخرة,"شكل5 (صدفية)","شكل5 (صدفية)",None
87239648,شكل٥//-87239648,100,"ساعات خشب ثري دي",شكل٥//,شكل٥,
0989738126,"شكل6 (سحب جبال ابها)",100,"المبخرة الشلال (10 قطع بخور هدية مجانية) - نافورة الشكولاتة","شكل6 (سحب جبال ابها)","شكل6 (سحب جبال ابها)",None
275273,"شكل6 (سحب جبال ابها)-incense burner",100,مبخرة,"شكل6 (سحب جبال ابها)","شكل6 (سحب جبال ابها)",None
87239648,شكل٦//-87239648,100,"ساعات خشب ثري دي",شكل٦//,شكل٦,
87239648,شكل٧//-87239648,100,"ساعات خشب ثري دي",شكل٧//,شكل٧,
87239648,شكل٨//-87239648,100,"ساعات خشب ثري دي",شكل٨//,شكل٨,
87239648,شكل٩//-87239648,100,"ساعات خشب ثري دي",شكل٩//,شكل٩,
94877503,طوبي-94877503,100,"اسدال مشجر",طوبي,طوبي,None
345678932,"عرض 120 * ارتفاع 65",100,"palestine - 32cm*90cm","عرض 120 * ارتفاع 65","عرض 120 * ارتفاع 65",None
,"عرض 250 * ارتفاع 135",100,"palestine - 32cm*90cm","عرض 250 * ارتفاع 135","عرض 250 * ارتفاع 135",None
34567654,"عشق الليل-34567654",100,خمره,"عشق الليل","عشق الليل",None
7225741,عنابي/2XL-7225741,20,"كاندي قطعتين",عنابي/2XL,عنابي,2XL
7225741,عنابي/3XL-7225741,20,"كاندي قطعتين",عنابي/3XL,عنابي,3XL
7225741,عنابي/XL-7225741,19,"كاندي قطعتين",عنابي/XL,عنابي,XL
58458724,فضي-58458724,100,"حامل المصحف",فضي,فضي,None
77884560,فضي-77884560,100,"مبخره الكعبه",فضي,فضي,None
874100008,فضي-874100008,9995,"طقم المعوذتين",فضي,فضي,None
759048585574,فوشيا-759048585574,100,"شيميز اوفر سايز",فوشيا,فوشيا,None
21784358,فوشيا/2XL-21784358,98,"جاكيت ببندانه",فوشيا/2XL,فوشيا,2XL
2456543689032,فوشيا/2xl-2456543689032,2,"طقم كارديجان وبنطلون",فوشيا/2XL,فوشيا,2XL
275518,فوشيا/2XL-275518,0,lovelysweetshirt,فوشيا/2XL,فوشيا,2XL
35765638764,فوشيا/2xl-35765638764,0,"سوت قطعتين",فوشيا/2XL,فوشيا,2XL
4544334422,فوشيا/2xl-4544334422,0,"طقم 3 قطع",فوشيا/2XL,فوشيا,2XL
4784368,فوشيا/2xl-4784368,99,"thirty سويت شيرت",فوشيا/2XL,فوشيا,2XL
7225741,فوشيا/2XL-7225741,20,"كاندي قطعتين",فوشيا/2XL,فوشيا,2XL
75027454,فوشيا/2XL-75027454,0,"بلوفر ورده",فوشيا/2XL,فوشيا,2XL
82477702,فوشيا/2xl-82477702,134,"سوت قطعتين",فوشيا/2XL,فوشيا,2XL
8742008,فوشيا/2XL-8742008,10,"ليلي دريس",فوشيا/2XL,فوشيا,2XL
9095858,فوشيا/2xl-9095858,0,"فستان ريب",فوشيا/2XL,فوشيا,2XL
21784358,فوشيا/3XL-21784358,100,"جاكيت ببندانه",فوشيا/3XL,فوشيا,3XL
275518,فوشيا/3XL-275518,0,lovelysweetshirt,فوشيا/3XL,فوشيا,3XL
35765638764,فوشيا/3xl-35765638764,0,"سوت قطعتين",فوشيا/3XL,فوشيا,3XL
4544334422,فوشيا/3xl-4544334422,0,"طقم 3 قطع",فوشيا/3XL,فوشيا,3XL
4784368,فوشيا/3xl-4784368,98,"thirty سويت شيرت",فوشيا/3XL,فوشيا,3XL
7225741,فوشيا/3XL-7225741,20,"كاندي قطعتين",فوشيا/3XL,فوشيا,3XL
75027454,فوشيا/3XL-75027454,0,"بلوفر ورده",فوشيا/3XL,فوشيا,3XL
82477702,فوشيا/3xl-82477702,104,"سوت قطعتين",فوشيا/3XL,فوشيا,3XL
8742008,فوشيا/3XL-8742008,65,"ليلي دريس",فوشيا/3XL,فوشيا,3XL
21784358,فوشيا/XL-21784358,99,"جاكيت ببندانه",فوشيا/XL,فوشيا,XL
2456543689032,فوشيا/xl-2456543689032,100,"طقم كارديجان وبنطلون",فوشيا/XL,فوشيا,XL
275518,فوشيا/XL-275518,100,lovelysweetshirt,فوشيا/XL,فوشيا,XL
35765638764,فوشيا/xl-35765638764,301,"سوت قطعتين",فوشيا/XL,فوشيا,XL
4544334422,فوشيا/xl-4544334422,100,"طقم 3 قطع",فوشيا/XL,فوشيا,XL
475793755,فوشيا/xl-475793755,100,"ليلي دريس",فوشيا/XL,فوشيا,XL
4784368,فوشيا/xl-4784368,101,"thirty سويت شيرت",فوشيا/XL,فوشيا,XL
7225741,فوشيا/XL-7225741,19,"كاندي قطعتين",فوشيا/XL,فوشيا,XL
74785963,فوشيا/XL-74785963,100,"بلوزه سندريلا",فوشيا/XL,فوشيا,XL
75027454,فوشيا/XL-75027454,100,"بلوفر ورده",فوشيا/XL,فوشيا,XL
82477702,فوشيا/xl-82477702,127,"سوت قطعتين",فوشيا/XL,فوشيا,XL
8742008,فوشيا/XL-8742008,60,"ليلي دريس",فوشيا/XL,فوشيا,XL
9095858,فوشيا/xl-9095858,97,"فستان ريب",فوشيا/XL,فوشيا,XL
7225741,فيروزي/2XL-7225741,17,"كاندي قطعتين",فيروزي/2XL,فيروزي,2XL
7225741,فيروزي/3XL-7225741,19,"كاندي قطعتين",فيروزي/3XL,فيروزي,3XL
7225741,فيروزي/XL-7225741,20,"كاندي قطعتين",فيروزي/XL,فيروزي,XL
275486,كاشمير/2XL-275486,100,Mulvari,كاشمير/2XL,كاشمير,2XL
275486,كاشمير/3XL-275486,100,Mulvari,كاشمير/3XL,كاشمير,3XL
275486,كاشمير/XL-275486,99,Mulvari,كاشمير/XL,كاشمير,XL
275486,كافيه/2XL-275486,100,Mulvari,كافيه/2xl,كافيه,2xl
44557883,كافيه/2xl-44557883,30,ياقوت,كافيه/2xl,كافيه,2xl
7492649,كافيه/2XL-7492649,99,"بلوزه ساندي",كافيه/2xl,كافيه,2xl
77597265,كافيه/2XL-77597265,0,kami,كافيه/2xl,كافيه,2xl
8376490,كافيه/2xl-8376490,100,"cargo suit",كافيه/2xl,كافيه,2xl
275486,كافيه/3XL-275486,100,Mulvari,كافيه/3xl,كافيه,3xl
44557883,كافيه/3xl-44557883,30,ياقوت,كافيه/3xl,كافيه,3xl
7492649,كافيه/3xl-7492649,94,"بلوزه ساندي",كافيه/3xl,كافيه,3xl
77597265,كافيه/3XL-77597265,0,kami,كافيه/3xl,كافيه,3xl
8376490,كافيه/A-8376490,,"cargo suit",كافيه/A,كافيه,A
8376490,كافيه/B-8376490,,"cargo suit",كافيه/B,كافيه,B
8376490,كافيه/C-8376490,,"cargo suit",كافيه/C,كافيه,C
275486,كافيه/XL-275486,100,Mulvari,كافيه/xl,كافيه,xl
44557883,كافيه/xl-44557883,30,ياقوت,كافيه/xl,كافيه,xl
7492649,كافيه/XL-7492649,101,"بلوزه ساندي",كافيه/xl,كافيه,xl
77597265,كافيه/XL-77597265,100,kami,كافيه/xl,كافيه,xl
8376490,كافيه/xl-8376490,100,"cargo suit",كافيه/xl,كافيه,xl
48877683,"كحلي مقلم-48877683",100,"اسدال مقلم","كحلي مقلم","كحلي مقلم",None
759048585574,كحلي-759048585574,100,"شيميز اوفر سايز",كحلي,كحلي,None
94877503,كحلي-94877503,100,"اسدال مشجر",كحلي,كحلي,None
127858495,كحلي/2XL-127858495,20,"جاكيت ساده",كحلي/2XL,كحلي,2XL
21784358,كحلي/2XL-21784358,100,"جاكيت ببندانه",كحلي/2XL,كحلي,2XL
23859748,كحلي/2XL-23859748,10,"تيشرت بيكا",كحلي/2XL,كحلي,2XL
35456438756,كحلي/2xl-35456438756,150,"طقم قطعتين",كحلي/2XL,كحلي,2XL
445678,كحلي/2xl-445678,100,هودي,كحلي/2XL,كحلي,2XL
5037503,كحلي/2XL-5037503,0,"بلوزه زراير",كحلي/2XL,كحلي,2XL
55468368,كحلي/2xl-55468368,100,"شيميز كاروه وتيشرت",كحلي/2XL,كحلي,2XL
747893865,كحلي/2XL-747893865,0,تونك,كحلي/2XL,كحلي,2XL
75027454,كحلي/2XL-75027454,0,"بلوفر ورده",كحلي/2XL,كحلي,2XL
78493473744,كحلي/2XL-78493473744,6,"بنطلون رجالي كتان",كحلي/2XL,كحلي,2XL
9476764,كحلي/2XL-9476764,45,"X TEE SHIRT",كحلي/2XL,كحلي,2XL
94847204,كحلي/2XL-94847204,100,"بنطلون حريمي",كحلي/2XL,كحلي,2XL
127858495,كحلي/3XL-127858495,26,"جاكيت ساده",كحلي/3XL,كحلي,3XL
21784358,كحلي/3XL-21784358,100,"جاكيت ببندانه",كحلي/3XL,كحلي,3XL
23859748,كحلي/3XL-23859748,10,"تيشرت بيكا",كحلي/3XL,كحلي,3XL
55468368,كحلي/3xl-55468368,100,"شيميز كاروه وتيشرت",كحلي/3XL,كحلي,3XL
75027454,كحلي/3XL-75027454,0,"بلوفر ورده",كحلي/3XL,كحلي,3XL
78493473744,كحلي/3XL-78493473744,2,"بنطلون رجالي كتان",كحلي/3XL,كحلي,3XL
9476764,كحلي/3XL-9476764,45,"X TEE SHIRT",كحلي/3XL,كحلي,3XL
94847204,كحلي/3XL-94847204,101,"بنطلون حريمي",كحلي/3XL,كحلي,3XL
23859748,كحلي/4XL-23859748,10,"تيشرت بيكا",كحلي/4XL,كحلي,4XL
127858495,كحلي/XL-127858495,100,"جاكيت ساده",كحلي/XL,كحلي,XL
21784358,كحلي/XL-21784358,99,"جاكيت ببندانه",كحلي/XL,كحلي,XL
23859748,كحلي/XL-23859748,11,"تيشرت بيكا",كحلي/XL,كحلي,XL
35456438756,كحلي/xl-35456438756,100,"طقم قطعتين",كحلي/XL,كحلي,XL
445678,كحلي/xl-445678,100,هودي,كحلي/XL,كحلي,XL
5037503,كحلي/XL-5037503,100,"بلوزه زراير",كحلي/XL,كحلي,XL
55468368,كحلي/xl-55468368,100,"شيميز كاروه وتيشرت",كحلي/XL,كحلي,XL
648934785834,كحلي/xl-648934785834,100,شروال,كحلي/XL,كحلي,XL
74785963,كحلي/XL-74785963,100,"بلوزه سندريلا",كحلي/XL,كحلي,XL
747893865,كحلي/XL-747893865,100,تونك,كحلي/XL,كحلي,XL
75027454,كحلي/XL-75027454,100,"بلوفر ورده",كحلي/XL,كحلي,XL
78493473744,كحلي/XL-78493473744,99,"بنطلون رجالي كتان",كحلي/XL,كحلي,XL
9476764,كحلي/XL-9476764,56,"X TEE SHIRT",كحلي/XL,كحلي,XL
94847204,كحلي/XL-94847204,100,"بنطلون حريمي",كحلي/XL,كحلي,XL
47565789,كشمير_غامق/2xl-47565789,97,"طقم 4 قطع",كشمير_غامق/2xl,كشمير_غامق,2xl
47565789,كشمير_غامق/xl-47565789,100,"طقم 4 قطع",كشمير_غامق/xl,كشمير_غامق,xl
47565789,كشمير_فاتح/2xl-47565789,75,"طقم 4 قطع",كشمير_فاتح/2xl,كشمير_فاتح,2xl
47565789,كشمير_فاتح/xl-47565789,120,"طقم 4 قطع",كشمير_فاتح/xl,كشمير_فاتح,xl
001158785,كشمير-001158785,100,"عبايه خليجي",كشمير,كشمير,None
332949857,كشمير-332949857,100,"اسدال الندى",كشمير,كشمير,None
759048585574,كشمير-759048585574,100,"شيميز اوفر سايز",كشمير,كشمير,None
759238749,كشمير-759238749,100,"اسدال CO",كشمير,كشمير,None
94877503,كشمير-94877503,100,"اسدال مشجر",كشمير,كشمير,None
2474055,كشمير/2XL-2474055,98,"جاكيت بسوسته",كشمير/2XL,كشمير,2XL
2893454957,كشمير/2XL-2893454957,100,"جاكيت مقلم",كشمير/2XL,كشمير,2XL
44557883,كشمير/2xl-44557883,30,ياقوت,كشمير/2XL,كشمير,2XL
49675024,كشمير/2XL-49675024,100,freeedom,كشمير/2XL,كشمير,2XL
77597265,كشمير/2XL-77597265,0,kami,كشمير/2XL,كشمير,2XL
8712007797,كشمير/2XL-8712007797,100,"ترنج سي  C",كشمير/2XL,كشمير,2XL
9095858,كشمير/2xl-9095858,23,"فستان ريب",كشمير/2XL,كشمير,2XL
2474055,كشمير/3XL-2474055,99,"جاكيت بسوسته",كشمير/3XL,كشمير,3XL
2893454957,كشمير/3XL-2893454957,100,"جاكيت مقلم",كشمير/3XL,كشمير,3XL
44557883,كشمير/3xl-44557883,30,ياقوت,كشمير/3XL,كشمير,3XL
49675024,كشمير/3XL-49675024,99,freeedom,كشمير/3XL,كشمير,3XL
77597265,كشمير/3XL-77597265,0,kami,كشمير/3XL,كشمير,3XL
8712007797,كشمير/3XL-8712007797,99,"ترنج سي  C",كشمير/3XL,كشمير,3XL
0945945,كشمير/xl-0945945,100,"سويت شيرت شيري",كشمير/XL,كشمير,XL
2474055,كشمير/XL-2474055,100,"جاكيت بسوسته",كشمير/XL,كشمير,XL
2893454957,كشمير/XL-2893454957,100,"جاكيت مقلم",كشمير/XL,كشمير,XL
347488786895,كشمير/xl-347488786895,98,"سوت نولا",كشمير/XL,كشمير,XL
44557883,كشمير/xl-44557883,30,ياقوت,كشمير/XL,كشمير,XL
49675024,كشمير/XL-49675024,100,freeedom,كشمير/XL,كشمير,XL
77597265,كشمير/XL-77597265,100,kami,كشمير/XL,كشمير,XL
8712007797,كشمير/XL-8712007797,99,"ترنج سي  C",كشمير/XL,كشمير,XL
9095858,كشمير/xl-9095858,100,"فستان ريب",كشمير/XL,كشمير,XL
21784358,لافندر/2XL-21784358,99,"جاكيت ببندانه",لافندر/2XL,لافندر,2XL
275479,لافندر/2XL-275479,0,"New york",لافندر/2XL,لافندر,2XL
275517,لافندر/2xl-275517,47,galaxy,لافندر/2XL,لافندر,2XL
275518,لافندر/2XL-275518,0,lovelysweetshirt,لافندر/2XL,لافندر,2XL
4544334422,لافندر/2xl-4544334422,0,"طقم 3 قطع",لافندر/2XL,لافندر,2XL
53553553,لافندر/2xl-53553553,33,"كراميل سوت",لافندر/2XL,لافندر,2XL
77597265,لافندر/2XL-77597265,12,kami,لافندر/2XL,لافندر,2XL
21784358,لافندر/3XL-21784358,100,"جاكيت ببندانه",لافندر/3XL,لافندر,3XL
275479,لافندر/3XL-275479,0,"New york",لافندر/3XL,لافندر,3XL
275517,لافندر/3xl-275517,48,galaxy,لافندر/3XL,لافندر,3XL
275518,لافندر/3XL-275518,0,lovelysweetshirt,لافندر/3XL,لافندر,3XL
4544334422,لافندر/3xl-4544334422,0,"طقم 3 قطع",لافندر/3XL,لافندر,3XL
53553553,لافندر/3xl-53553553,39,"كراميل سوت",لافندر/3XL,لافندر,3XL
77597265,لافندر/3XL-77597265,18,kami,لافندر/3XL,لافندر,3XL
21784358,لافندر/XL-21784358,101,"جاكيت ببندانه",لافندر/XL,لافندر,XL
275479,لافندر/XL-275479,100,"New york",لافندر/XL,لافندر,XL
275517,لافندر/xl-275517,39,galaxy,لافندر/XL,لافندر,XL
275518,لافندر/XL-275518,98,lovelysweetshirt,لافندر/XL,لافندر,XL
4544334422,لافندر/xl-4544334422,101,"طقم 3 قطع",لافندر/XL,لافندر,XL
53553553,لافندر/xl-53553553,0,"كراميل سوت",لافندر/XL,لافندر,XL
77597265,لافندر/XL-77597265,99,kami,لافندر/XL,لافندر,XL
158701021,لبني/2XL-158701021,100,"طقم Olivia suit",لبني/2XL,لبني,2XL
158701021,لبني/3XL-158701021,97,"طقم Olivia suit",لبني/3XL,لبني,3XL
158701021,لبني/XL-158701021,99,"طقم Olivia suit",لبني/XL,لبني,XL
2456543689032,لموني/2xl-2456543689032,,"طقم كارديجان وبنطلون",لموني/2xl,لموني,2xl
2456543689032,لموني/xl-2456543689032,100,"طقم كارديجان وبنطلون",لموني/xl,لموني,xl
74785963,لموني/XL-74785963,100,"بلوزه سندريلا",لموني/xl,لموني,xl
9095858,ليموني/2xl-9095858,0,"فستان ريب",ليموني/2xl,ليموني,2xl
9095858,ليموني/xl-9095858,106,"فستان ريب",ليموني/xl,ليموني,xl
77884560,"مبخرة الكعبة",101,"مبخره الكعبه","مبخرة الكعبة","مبخرة الكعبة",None
989738126,"مبخرة قهوة",100,"مبخرة قهوة + (10قطع من البخور الفاخر) هدية - اسود","مبخرة قهوة","مبخرة قهوة",None
989738126,"مبخرة قهوة  Gold",100,"مبخرة قهوة + (10قطع من البخور الفاخر) هدية - اسود","مبخرة قهوة  Gold","مبخرة قهوة  Gold",None
 55449072,"مبخره قبة الصخره",100,"مبخره قبة الصخره","مبخره قبة الصخره","مبخره قبة الصخره",None
55449072,"مبخره قبة الصخره-55449072",101,"مبخره قبة الصخره","مبخره قبة الصخره","مبخره قبة الصخره",None
158701021,مسترده/2XL-158701021,100,"طقم Olivia suit",مسترده/2XL,مسترده,2XL
2456543689032,مسترده/2xl-2456543689032,,"طقم كارديجان وبنطلون",مسترده/2XL,مسترده,2XL
2474055,مسترده/2XL-2474055,100,"جاكيت بسوسته",مسترده/2XL,مسترده,2XL
158701021,مسترده/3XL-158701021,98,"طقم Olivia suit",مسترده/3XL,مسترده,3XL
2474055,مسترده/3XL-2474055,100,"جاكيت بسوسته",مسترده/3XL,مسترده,3XL
158701021,مسترده/XL-158701021,98,"طقم Olivia suit",مسترده/XL,مسترده,XL
2456543689032,مسترده/xl-2456543689032,100,"طقم كارديجان وبنطلون",مسترده/XL,مسترده,XL
2474055,مسترده/XL-2474055,100,"جاكيت بسوسته",مسترده/XL,مسترده,XL
759048585574,مسطرده-759048585574,100,"شيميز اوفر سايز",مسطرده,مسطرده,None
001158785,منت_جرين-001158785,100,"عبايه خليجي",منت_جرين,منت_جرين,None
759048585574,منت_جرين-759048585574,100,"شيميز اوفر سايز",منت_جرين,منت_جرين,None
94877503,منت_جرين-94877503,100,"اسدال مشجر",منت_جرين,منت_جرين,None
23859748,منت_جرين/2XL-23859748,10,"تيشرت بيكا",منت_جرين/2XL,منت_جرين,2XL
2456543689032,منت_جرين/2xl-2456543689032,1,"طقم كارديجان وبنطلون",منت_جرين/2XL,منت_جرين,2XL
275518,منت_جرين/2XL-275518,0,lovelysweetshirt,منت_جرين/2XL,منت_جرين,2XL
456783595395870,منت_جرين/2xl-456783595395870,150,"شيميز روزالين",منت_جرين/2XL,منت_جرين,2XL
486453415,منت_جرين/2XL-486453415,49,"ترنج حروف",منت_جرين/2XL,منت_جرين,2XL
49675024,منت_جرين/2XL-49675024,100,freeedom,منت_جرين/2XL,منت_جرين,2XL
53553553,منت_جرين/2xl-53553553,30,"كراميل سوت",منت_جرين/2XL,منت_جرين,2XL
7492649,منت_جرين/2XL-7492649,90,"بلوزه ساندي",منت_جرين/2XL,منت_جرين,2XL
77597265,منت_جرين/2XL-77597265,10,kami,منت_جرين/2XL,منت_جرين,2XL
94847204,منت_جرين/2XL-94847204,100,"بنطلون حريمي",منت_جرين/2XL,منت_جرين,2XL
23859748,منت_جرين/3XL-23859748,10,"تيشرت بيكا",منت_جرين/3XL,منت_جرين,3XL
275518,منت_جرين/3XL-275518,0,lovelysweetshirt,منت_جرين/3XL,منت_جرين,3XL
486453415,منت_جرين/3XL-486453415,46,"ترنج حروف",منت_جرين/3XL,منت_جرين,3XL
49675024,منت_جرين/3XL-49675024,100,freeedom,منت_جرين/3XL,منت_جرين,3XL
53553553,منت_جرين/3xl-53553553,37,"كراميل سوت",منت_جرين/3XL,منت_جرين,3XL
7492649,منت_جرين/3xl-7492649,86,"بلوزه ساندي",منت_جرين/3XL,منت_جرين,3XL
77597265,منت_جرين/3XL-77597265,11,kami,منت_جرين/3XL,منت_جرين,3XL
94847204,منت_جرين/3XL-94847204,100,"بنطلون حريمي",منت_جرين/3XL,منت_جرين,3XL
23859748,منت_جرين/4XL-23859748,10,"تيشرت بيكا",منت_جرين/4XL,منت_جرين,4XL
0945945,منت_جرين/xl-0945945,100,"سويت شيرت شيري",منت_جرين/XL,منت_جرين,XL
23859748,منت_جرين/XL-23859748,10,"تيشرت بيكا",منت_جرين/XL,منت_جرين,XL
2456543689032,منت_جرين/xl-2456543689032,100,"طقم كارديجان وبنطلون",منت_جرين/XL,منت_جرين,XL
275518,منت_جرين/XL-275518,101,lovelysweetshirt,منت_جرين/XL,منت_جرين,XL
456783595395870,منت_جرين/xl-456783595395870,100,"شيميز روزالين",منت_جرين/XL,منت_جرين,XL
486453415,منت_جرين/XL-486453415,98,"ترنج حروف",منت_جرين/XL,منت_جرين,XL
49675024,منت_جرين/XL-49675024,101,freeedom,منت_جرين/XL,منت_جرين,XL
53553553,منت_جرين/xl-53553553,1,"كراميل سوت",منت_جرين/XL,منت_جرين,XL
648934785834,منت_جرين/xl-648934785834,100,شروال,منت_جرين/XL,منت_جرين,XL
7492649,منت_جرين/XL-7492649,106,"بلوزه ساندي",منت_جرين/XL,منت_جرين,XL
77597265,منت_جرين/XL-77597265,97,kami,منت_جرين/XL,منت_جرين,XL
94847204,منت_جرين/XL-94847204,100,"بنطلون حريمي",منت_جرين/XL,منت_جرين,XL
95198400,موف,100,"اسدال دهب - ",موف,موف,None
84775922,موف-84775922,100,"اسدال Bo",موف,موف,None
35456438756,موف/2xl-35456438756,163,"طقم قطعتين",موف/2XL,موف,2XL
43567876,موف/2XL-43567876,0,ديفا,موف/2XL,موف,2XL
44557883,موف/2xl-44557883,30,ياقوت,موف/2XL,موف,2XL
456783595395870,موف/2xl-456783595395870,150,"شيميز روزالين",موف/2XL,موف,2XL
486453415,موف/2XL-486453415,46,"ترنج حروف",موف/2XL,موف,2XL
55468368,موف/2xl-55468368,100,"شيميز كاروه وتيشرت",موف/2XL,موف,2XL
747893865,موف/2XL-747893865,0,تونك,موف/2XL,موف,2XL
77597265,موف/2XL-77597265,7,kami,موف/2XL,موف,2XL
8376490,موف/2xl-8376490,99,"cargo suit",موف/2XL,موف,2XL
9095858,موف/2xl-9095858,0,"فستان ريب",موف/2XL,موف,2XL
43567876,موف/3XL-43567876,0,ديفا,موف/3XL,موف,3XL
44557883,موف/3xl-44557883,30,ياقوت,موف/3XL,موف,3XL
486453415,موف/3XL-486453415,48,"ترنج حروف",موف/3XL,موف,3XL
55468368,موف/3xl-55468368,100,"شيميز كاروه وتيشرت",موف/3XL,موف,3XL
77597265,موف/3XL-77597265,0,kami,موف/3XL,موف,3XL
8376490,موف/A-8376490,,"cargo suit",موف/A,موف,A
8376490,موف/B-8376490,,"cargo suit",موف/B,موف,B
8376490,موف/C-8376490,,"cargo suit",موف/C,موف,C
0945945,موف/xl-0945945,100,"سويت شيرت شيري",موف/XL,موف,XL
35456438756,موف/xl-35456438756,100,"طقم قطعتين",موف/XL,موف,XL
43567876,موف/XL-43567876,96,ديفا,موف/XL,موف,XL
44557883,موف/xl-44557883,30,ياقوت,موف/XL,موف,XL
456783595395870,موف/xl-456783595395870,100,"شيميز روزالين",موف/XL,موف,XL
486453415,موف/XL-486453415,98,"ترنج حروف",موف/XL,موف,XL
55468368,موف/xl-55468368,100,"شيميز كاروه وتيشرت",موف/XL,موف,XL
747893865,موف/XL-747893865,100,تونك,موف/XL,موف,XL
77597265,موف/XL-77597265,97,kami,موف/XL,موف,XL
8376490,موف/xl-8376490,91,"cargo suit",موف/XL,موف,XL
9095858,موف/xl-9095858,96,"فستان ريب",موف/XL,موف,XL
75934724,موكا-75934724,99,"عبايه ترندي",موكا,موكا,None
2345552234,موكا*موكا/2XL-2345552234,12,"دريس وجاكيت روزالين",موكا*موكا/2XL,موكا*موكا,2XL
2345552234,موكا*موكا/XL-2345552234,99,"دريس وجاكيت روزالين",موكا*موكا/XL,موكا*موكا,XL
127858495,موكا/2XL-127858495,9,"جاكيت ساده",موكا/2XL,موكا,2XL
21784358,موكا/2XL-21784358,97,"جاكيت ببندانه",موكا/2XL,موكا,2XL
2474055,موكا/2XL-2474055,100,"جاكيت بسوسته",موكا/2XL,موكا,2XL
275486,موكا/2XL-275486,101,Mulvari,موكا/2XL,موكا,2XL
35456438756,موكا/2xl-35456438756,150,"طقم قطعتين",موكا/2XL,موكا,2XL
43567876,موكا/2XL-43567876,0,ديفا,موكا/2XL,موكا,2XL
43763129,موكا/2XL-43763129,99,بالطو,موكا/2XL,موكا,2XL
445678,موكا/2xl-445678,100,هودي,موكا/2XL,موكا,2XL
5037503,موكا/2XL-5037503,0,"بلوزه زراير",موكا/2XL,موكا,2XL
747893865,موكا/2XL-747893865,0,تونك,موكا/2XL,موكا,2XL
849944,موكا/2XL-849944,100,"ترنج run",موكا/2XL,موكا,2XL
868037503,موكا/2xl-868037503,1,"ريب سوت",موكا/2XL,موكا,2XL
94847204,موكا/2XL-94847204,100,"بنطلون حريمي",موكا/2XL,موكا,2XL
127858495,موكا/3XL-127858495,0,"جاكيت ساده",موكا/3XL,موكا,3XL
21784358,موكا/3XL-21784358,98,"جاكيت ببندانه",موكا/3XL,موكا,3XL
2474055,موكا/3XL-2474055,100,"جاكيت بسوسته",موكا/3XL,موكا,3XL
275486,موكا/3XL-275486,99,Mulvari,موكا/3XL,موكا,3XL
43567876,موكا/3XL-43567876,0,ديفا,موكا/3XL,موكا,3XL
43763129,موكا/3XL-43763129,99,بالطو,موكا/3XL,موكا,3XL
849944,موكا/3XL-849944,100,"ترنج run",موكا/3XL,موكا,3XL
868037503,موكا/3xl-868037503,0,"ريب سوت",موكا/3XL,موكا,3XL
94847204,موكا/3XL-94847204,100,"بنطلون حريمي",موكا/3XL,موكا,3XL
127858495,موكا/XL-127858495,100,"جاكيت ساده",موكا/XL,موكا,XL
21784358,موكا/XL-21784358,100,"جاكيت ببندانه",موكا/XL,موكا,XL
2474055,موكا/XL-2474055,100,"جاكيت بسوسته",موكا/XL,موكا,XL
275486,موكا/XL-275486,102,Mulvari,موكا/XL,موكا,XL
35456438756,موكا/xl-35456438756,100,"طقم قطعتين",موكا/XL,موكا,XL
43567876,موكا/XL-43567876,95,ديفا,موكا/XL,موكا,XL
43763129,موكا/XL-43763129,99,بالطو,موكا/XL,موكا,XL
445678,موكا/xl-445678,100,هودي,موكا/XL,موكا,XL
4636858874,موكا/xl-4636858874,70,"شيميز سوفت ليكرا",موكا/XL,موكا,XL
5037503,موكا/XL-5037503,100,"بلوزه زراير",موكا/XL,موكا,XL
747893865,موكا/XL-747893865,100,تونك,موكا/XL,موكا,XL
849944,موكا/XL-849944,100,"ترنج run",موكا/XL,موكا,XL
868037503,موكا/xl-868037503,100,"ريب سوت",موكا/XL,موكا,XL
94847204,موكا/XL-94847204,100,"بنطلون حريمي",موكا/XL,موكا,XL
347488786895,"مينت جرين/XL",,"سوت نولا","مينت جرين/XL","مينت جرين",XL
989738126,"نافورة البامبو",100,"مبخرة قهوة + (10قطع من البخور الفاخر) هدية - اسود","نافورة البامبو","نافورة البامبو",None
978786754,"نافورة البامبو-978786754",0,مبخرة,"نافورة البامبو","نافورة البامبو",None
,"نافورة الشكولاتة",100,"palestine - 32cm*90cm","نافورة الشكولاتة","نافورة الشكولاتة",None
978786754,"نافورة الشكولاتة-978786754",0,مبخرة,"نافورة الشكولاتة","نافورة الشكولاتة",None
,"نافورة الشلال",100,"palestine - 32cm*90cm","نافورة الشلال","نافورة الشلال",None
978786754,"نافورة الشلال-978786754",26,مبخرة,"نافورة الشلال","نافورة الشلال",None
132214324,"نافورة الشموع-132214324",100,"النافورة العطرية","نافورة الشموع","نافورة الشموع",None
978786754,"نافورة الشيكولاتة",77,مبخرة,"نافورة الشيكولاتة","نافورة الشيكولاتة",None
,"نافورة النجمة",100,"palestine - 32cm*90cm","نافورة النجمة","نافورة النجمة",None
978786754,"نافورة النجمة-978786754",64,مبخرة,"نافورة النجمة","نافورة النجمة",None
,"نافورة جبال ابها",100,"palestine - 32cm*90cm","نافورة جبال ابها","نافورة جبال ابها",None
978786754,"نافورة جبال ابها-978786754",97,مبخرة,"نافورة جبال ابها","نافورة جبال ابها",None
759048585574,نبيتي-759048585574,100,"شيميز اوفر سايز",نبيتي,نبيتي,None
84775922,نبيتي-84775922,101,"اسدال Bo",نبيتي,نبيتي,None
784410541,نبيتي/1XL-784410541,99,"ترنج more",نبيتي/1XL,نبيتي,1XL
127858495,نبيتي/2XL-127858495,27,"جاكيت ساده",نبيتي/2XL,نبيتي,2XL
23859748,نبيتي/2XL-23859748,3,"تيشرت بيكا",نبيتي/2XL,نبيتي,2XL
2474055,نبيتي/2XL-2474055,99,"جاكيت بسوسته",نبيتي/2XL,نبيتي,2XL
35456438756,نبيتي/2xl-35456438756,150,"طقم قطعتين",نبيتي/2XL,نبيتي,2XL
43567876,نبيتي/2XL-43567876,5,ديفا,نبيتي/2XL,نبيتي,2XL
445678,نبيتي/2xl-445678,100,هودي,نبيتي/2XL,نبيتي,2XL
47565789,نبيتي/2xl-47565789,80,"طقم 4 قطع",نبيتي/2XL,نبيتي,2XL
49675024,نبيتي/2XL-49675024,100,freeedom,نبيتي/2XL,نبيتي,2XL
5037503,نبيتي/2XL-5037503,0,"بلوزه زراير",نبيتي/2XL,نبيتي,2XL
7225741,نبيتي/2XL-7225741,20,"كاندي قطعتين",نبيتي/2XL,نبيتي,2XL
747893865,نبيتي/2XL-747893865,0,تونك,نبيتي/2XL,نبيتي,2XL
784410541,نبيتي/2XL-784410541,98,"ترنج more",نبيتي/2XL,نبيتي,2XL
8376490,نبيتي/2xl-8376490,25,"cargo suit",نبيتي/2XL,نبيتي,2XL
127858495,نبيتي/3XL-127858495,21,"جاكيت ساده",نبيتي/3XL,نبيتي,3XL
23859748,نبيتي/3XL-23859748,4,"تيشرت بيكا",نبيتي/3XL,نبيتي,3XL
2474055,نبيتي/3XL-2474055,100,"جاكيت بسوسته",نبيتي/3XL,نبيتي,3XL
43567876,نبيتي/3XL-43567876,0,ديفا,نبيتي/3XL,نبيتي,3XL
49675024,نبيتي/3XL-49675024,98,freeedom,نبيتي/3XL,نبيتي,3XL
7225741,نبيتي/3XL-7225741,19,"كاندي قطعتين",نبيتي/3XL,نبيتي,3XL
784410541,نبيتي/3XL-784410541,99,"ترنج more",نبيتي/3XL,نبيتي,3XL
23859748,نبيتي/4XL-23859748,10,"تيشرت بيكا",نبيتي/4XL,نبيتي,4XL
8376490,نبيتي/A-8376490,,"cargo suit",نبيتي/A,نبيتي,A
8376490,نبيتي/B-8376490,,"cargo suit",نبيتي/B,نبيتي,B
8376490,نبيتي/C-8376490,,"cargo suit",نبيتي/C,نبيتي,C
127858495,نبيتي/XL-127858495,100,"جاكيت ساده",نبيتي/XL,نبيتي,XL
23859748,نبيتي/XL-23859748,5,"تيشرت بيكا",نبيتي/XL,نبيتي,XL
2474055,نبيتي/XL-2474055,100,"جاكيت بسوسته",نبيتي/XL,نبيتي,XL
35456438756,نبيتي/xl-35456438756,100,"طقم قطعتين",نبيتي/XL,نبيتي,XL
43567876,نبيتي/XL-43567876,100,ديفا,نبيتي/XL,نبيتي,XL
445678,نبيتي/xl-445678,100,هودي,نبيتي/XL,نبيتي,XL
4636858874,نبيتي/xl-4636858874,70,"شيميز سوفت ليكرا",نبيتي/XL,نبيتي,XL
47565789,نبيتي/xl-47565789,117,"طقم 4 قطع",نبيتي/XL,نبيتي,XL
49675024,نبيتي/XL-49675024,100,freeedom,نبيتي/XL,نبيتي,XL
5037503,نبيتي/XL-5037503,100,"بلوزه زراير",نبيتي/XL,نبيتي,XL
7225741,نبيتي/XL-7225741,19,"كاندي قطعتين",نبيتي/XL,نبيتي,XL
747893865,نبيتي/XL-747893865,100,تونك,نبيتي/XL,نبيتي,XL
8376490,نبيتي/xl-8376490,100,"cargo suit",نبيتي/XL,نبيتي,XL
78781454,"نسخه المصحف الشريف-78781454",101,"نسخه المصحف الشريف","نسخه المصحف الشريف","نسخه المصحف الشريف",None
759048585574,هافان-759048585574,100,"شيميز اوفر سايز",هافان,هافان,None
21784358,هافان/2XL-21784358,99,"جاكيت ببندانه",هافان/2XL,هافان,2XL
35456438756,هافان/2xl-35456438756,50,"طقم قطعتين",هافان/2XL,هافان,2XL
43763129,هافان/2XL-43763129,99,بالطو,هافان/2XL,هافان,2XL
445678,هافان/2xl-445678,100,هودي,هافان/2XL,هافان,2XL
4784368,هافان/2xl-4784368,100,"thirty سويت شيرت",هافان/2XL,هافان,2XL
5037503,هافان/2XL-5037503,0,"بلوزه زراير",هافان/2XL,هافان,2XL
21784358,هافان/3XL-21784358,96,"جاكيت ببندانه",هافان/3xl,هافان,3xl
43763129,هافان/3XL-43763129,100,بالطو,هافان/3xl,هافان,3xl
4784368,هافان/3xl-4784368,100,"thirty سويت شيرت",هافان/3xl,هافان,3xl
21784358,هافان/XL-21784358,100,"جاكيت ببندانه",هافان/XL,هافان,XL
35456438756,هافان/xl-35456438756,100,"طقم قطعتين",هافان/XL,هافان,XL
43763129,هافان/XL-43763129,100,بالطو,هافان/XL,هافان,XL
445678,هافان/xl-445678,100,هودي,هافان/XL,هافان,XL
4784368,هافان/xl-4784368,100,"thirty سويت شيرت",هافان/XL,هافان,XL
5037503,هافان/XL-5037503,100,"بلوزه زراير",هافان/XL,هافان,XL
74785963,هافان/XL-74785963,100,"بلوزه سندريلا",هافان/XL,هافان,XL
